code;periodeid;schoolcode;naam;lopenofbus;telefoon;tuinlocatie;groepniveauvan;groep;leerlingen;voorkeursperiode;opmerkingen;SO boeken / Engels;vrijveld1;vrijveld2;vrijveld3;vrijveld4;vrijveld5;vrijveld6;locatie
12431;692573;4027;10e Mont De Meidoorn;lopend;020 ? 6160106;Blijdestijn Schooltuin;6;Groep 6 Iris  Dekker;16;day a weeksch: Nee;Wij hebben precies 32 leerlingen. Dat is een behoorlijk grote groep, maar omdat ze uit drie verschillende klassen komen, is het om praktische redenen erg wenselijk dat ze in 1 groep geplaatst worden. Het is een behoorlijke makkelijke groep leerlingen en we zullen uiteraard voor voldoende begeleiding zorgen vanuit school. Splitsen op de tuin.;;1;vrijdag, 13.30 - 15.00;vrijdag, 09.00 - 10.30;woensdag, 10.45 - 12.15;;;Blijdestijn Schooltuin
12431;6925731;4027;10e Mont De Meidoorn;lopend;020 ? 6160106;Blijdestijn Schooltuin;6;Groep 6 Iris  Dekker;16;day a weeksch: Nee;Wij hebben precies 32 leerlingen. Dat is een behoorlijk grote groep, maar omdat ze uit drie verschillende klassen komen, is het om praktische redenen erg wenselijk dat ze in 1 groep geplaatst worden. Het is een behoorlijke makkelijke groep leerlingen en we zullen uiteraard voor voldoende begeleiding zorgen vanuit school. Splitsen op de tuin.;;1;vrijdag, 13.30 - 15.00;vrijdag, 09.00 - 10.30;woensdag, 10.45 - 12.15;;;Blijdestijn Schooltuin
12431;692484;6349;14e Mont De Jordaan;bus;020623 99 00;Roos Schooltuin;6;de jordaan Mirjam  Klock;16;day a weeksch: ;;;2;donderdag, 10.45 - 12.15;donderdag, 09.00 - 10.30;donderdag, 13.30 - 15.00;;;Roos Schooltuin
12431;692485;6349;14e Mont De Jordaan;bus;020623 99 00;Roos Schooltuin;6;Groep 6 Marcella  Teijssen;15;day a weeksch: ;Ons rooster wb overblijf en jaarrooster is geënt op de tijd die wij al jaren krijgen: donderdag 1045-12.15 Continurooster tot: 1515;;2;donderdag, 10.45 - 12.15;donderdag, 09.00 - 10.30;donderdag, 13.30 - 15.00;;;Roos Schooltuin
12431;690623;6504;15e Mont Maas en Waal;bus;644 71 73;Gaasperdam Schooltuin;6;maas en waal susan  peters;27;day a weeksch: day a weeksch: vul ik na zomervakantie in;"Afgelopen schooljaar zaten we op vrijdagmiddag in nieuwwest; we zijn elke keer bijna een uur onderweg geweest op de terugweg. veel klagende ouders en gemiste afspraken. Liefst een locatie waar we logischerwijs niet langer dan een kwartier onderweg zijn.Graag terug naar Gaasperdam, of Gerrit Kalf, of Wagner (of rijks;-)
We zitten nu op 24 kinderen, maar verwachten nog wat zij-instroom";;1;dinsdag, 10.45 - 12.15;vrijdag, 10.45 - 12.15;dinsdag, 13.30 - 15.00;vrijdag, 10.45 - 12.15;;Gaasperdam Schooltuin
12431;692508;6516;1e Mont De Wielewaal;bus;673 61 93;Kalff Schooltuin;1;6b Tijn  Lohr;12;day a weeksch: day a weeksch: nee;;;2;dinsdag, 13.30 - 15.00;dinsdag, 10.45 - 12.15;donderdag, 13.30 - 15.00;donderdag, 10.45 - 12.15;dinsdag, 09.00 - 10.30;Kalff Schooltuin
12431;692469;6516;1e Mont De Wielewaal;bus;673 61 93;Kalff Schooltuin;1;6a Monique  van  Ark;12;day a weeksch: nee;;;2;dinsdag, 13.30 - 15.00;dinsdag, 10.45 - 12.15;donderdag, 13.30 - 15.00;donderdag, 10.45 - 12.15;dinsdag, 09.00 - 10.30;Kalff Schooltuin
12431;692480;6490;2e Dalton Pieter Bakkum;bus;020-2296936;Kalff Schooltuin;1;Groep 6B Laurita  Otten;29;day a weeksch: day a weeksch: ja op vrijdag;;;2;maandag, 09.00 - 10.30;woensdag, 09.00 - 10.30;donderdag, 09.00 - 10.30;dinsdag, 13.30 - 15.00;maandag, 13.30 - 15.00;Kalff Schooltuin
12431;692481;6490;2e Dalton Pieter Bakkum;bus;020-2296936;Kalff Schooltuin;6;Groep 6A Manon  Werkman;30;day a weeksch: day a weeksch: ja op vrijdag;graag plaatsen met 6B;;2;maandag, 09.00 - 10.30;woensdag, 09.00 - 10.30;donderdag, 09.00 - 10.30;dinsdag, 13.30 - 15.00;maandag, 13.30 - 15.00;Kalff Schooltuin
12431;690665;6470;2e Mont Het Winterkoninkje;lopend;206188563;Blijdestijn Schooltuin;6;Groep 6 G-H-K Frieda  Esselink;20;day a weeksch: Nee;Wij zijn een vrij grote school met 5 heterogene bovenbouwgroepen. Uit deze 5 groepen komen de 6e groepers naar de tuin. Logistiek is het voor ons niet haalbaar om een ander moment te roosteren voor onze groepen. Daarom is er eigenlijk maar 1 voorkeur, de woensdagochtend. We hopen heel erg dat het ook volgend jaar weer lukt om ons zo te roosteren!;;2;woensdag, 09.00 - 10.30;dinsdag, 09.00 - 10.30;maandag, 09.00 - 10.30;;;Blijdestijn Schooltuin
12431;690666;6470;2e Mont Het Winterkoninkje;lopend;206188563;Blijdestijn Schooltuin;6;Groep 6 L-O Jimna  Bruns;20;day a weeksch: Nee;Wij zijn een vrij grote school met 5 heterogene bovenbouwgroepen. Uit deze 5 groepen komen de 6e groepers naar de tuin. Logistiek is het voor ons niet haalbaar om een ander moment te roosteren voor onze groepen. Daarom is er eigenlijk maar 1 voorkeur, de woensdagochtend. We hopen heel erg dat het ook volgend jaar weer lukt om ons zo te roosteren!;;2;woensdag, 09.00 - 10.30;dinsdag, 09.00 - 10.30;maandag, 09.00 - 10.30;;;Blijdestijn Schooltuin
12431;690610;6491;3e Dalton;bus;020 662 44 80;Kalff Schooltuin;6;Groep 6 Martie  Timmermans;31;day a weeksch: ja, dinsdag, donderdag en vrijdag;;;1;maandag, 09.00 - 10.30;dinsdag, 09.00 - 10.30;woensdag, 09.00 - 10.30;donderdag, 09.00 - 10.30;vrijdag, 09.00 - 10.30;Kalff Schooltuin
12431;690786;6417;4e Mont De Pinksterbloem;bus;020 694 11 89;Gaasperdam Schooltuin;6;Groep 1 lLas C, Stef van Dijk;28;day a weeksch: ja, donderdag/vrijdag;We kunnen alleen komen indien we op de woensdag ingepland worden. Dit ivm de 2e leerkracht die mee moet ivm groepsgrootte.;;2;woensdag, 10.45 - 12.15;woensdag, 09.00 - 10.30;dinsdag, 09.00 - 10.30;;;Gaasperdam Schooltuin
12431;690787;6417;4e Mont De Pinksterbloem;bus;020 694 11 89;Gaasperdam Schooltuin;6;Groep 2: Stef van Dijk;28;day a weeksch: donderdag/vrijdag;We kunnen alleen komen indien we ingeroosterd worden op de woensdag, dit ivm een extra leerkracht die mee moet ivm groepsgrootte.;;2;woensdag, 10.45 - 12.15;woensdag, 09.00 - 10.30;dinsdag, 09.00 - 10.30;;;Gaasperdam Schooltuin
12431;692576;6414;5e Mont Watergraafsmeer;lopend;020694 62 08;Vink Schooltuin;6;BBH Ruth  Bekker;26;day a weeksch: nee;"Beste lezer,
Van onze school komen er 2 groepen kinderen die samengesteld zijn uit 7 klassen. Vandaar dat we graag beide groepen op dezelfde tijd en dag willen laten gaan omdat het anders voor ons een onmogelijke puzzel is met bijv. de gymroosters. Ik hoop dat dit lukt, anders heel graag contact hierover,
met groet Ruth";;2;dinsdag, 13.30 - 15.00;donderdag, 13.30 - 15.00;dinsdag, 09.00 - 10.30;;;Vink Schooltuin
12431;692577;6414;5e Mont Watergraafsmeer;lopend;020694 62 08;Vink Schooltuin;6;BBB Talitha van der Voort;27;day a weeksch: nee;"beste lezer,
We komen met 2 groepen van 5MW. Deze kinderen komen uit 7 klassen. Daarom is het voor ons wenselijk dat de 2 groepen op dezelfde tijd en dag zitten i.v.m. bijv. de gymroosters bij ons op school. Ik hoop dat dit lukt en anders hoor ik het graag,
met groet Ruth";;2;dinsdag, 13.30 - 15.00;donderdag, 13.30 - 15.00;dinsdag, 09.00 - 10.30;;;Vink Schooltuin
12431;690741;6482;6e Mont Anne Frank;bus;020-664 04 82;Kalff Schooltuin;6;Groep 6 Manisha  Kisoentewari;29;day a weeksch: vrijdag;;;1;donderdag, 13.30 - 15.00;woensdag, 10.45 - 12.15;dinsdag, 13.30 - 15.00;donderdag, 13.30 - 15.00;maandag, 13.30 - 15.00;Kalff Schooltuin
12431;692630;3629;7e Mont;lopend;206836646;Toorop Schooltuin;6;Groep 6-1 Lilian van der Maas;29;day a weeksch: nee;"Opmerking 1: Helin heeft Cerebrale Parese aan de linkerkant. Deze kant is minder goed ontwikkeld. Ze kan niet goed kracht zetten met links. Harken en oogsten kan  lastig zijn voor haar.
Opmerking 2: De voorkeur op donderdag is eigenlijk heel erg moeilijk in verband met allerlei andere dingen die weer op school gebeuren moeten. We hopen erg dat we met onze 2 groepen op de woensdag mogen blijven. 
Vriendelijke groet, Lilian van der Maas Continurooster tot: 14.00";;2;woensdag, 09.00 - 10.30;woensdag, 10.45 - 12.15;donderdag, 09.00 - 10.30;;;Toorop Schooltuin
12431;692631;3629;7e Mont;lopend;206836646;Toorop Schooltuin;6;Groep 6-2 Lilian van der Maas;29;day a weeksch: nee;"Helin heeft Cerebrale Parese aan de linkerkant. Deze kant is minder goed ontwikkeld. Ze kan niet goed kracht zetten met links. Harken en oogsten kan  lastig zijn voor haar.
Opmerking 2: De voorkeur op donderdag is eigenlijk heel erg moeilijk in verband met allerlei andere dingen die weer op school gebeuren moeten. We hopen erg dat we met onze 2 groepen op de woensdag mogen blijven. 
Vriendelijke groet, Lilian van der Maas Continurooster tot: 14.00";;2;woensdag, 09.00 - 10.30;woensdag, 10.45 - 12.15;donderdag, 09.00 - 10.30;;;Toorop Schooltuin
12431;690690;6513;9e Mont De Scholekster;bus;020 679 02 28;Gaasperdam Schooltuin;6;Groep 6 Niels  Postma;32;day a weeksch: ;;;3;woensdag, 10.45 - 12.15;woensdag, 09.00 - 10.30;vrijdag, 09.00 - 10.30;;;Gaasperdam Schooltuin
12431;690689;6429;ABBS De Zuiderzee;bus;020 416 58 62;Gaasperdam Schooltuin;6;Groep 6 Rosina  Clemens;28;day a weeksch: nee;;;1;maandag, 13.30 - 15.00;dinsdag, 13.30 - 15.00;dinsdag, 09.00 - 10.30;maandag, 09.00 - 10.30;donderdag, 13.30 - 15.00;Gaasperdam Schooltuin
12431;675819;2613;Abbs Elzenhagen;fiets;020-6373848;Broekhuijsen-Leewis Schooltuin;6;6A Patrick  Hiele;24;day a weeksch: day a weeksch: Nog onbekend;Voor naar de Schaaptuin - waar we graag naar toegaan! - is zoals dit jaar een bus nodig.) F. Broekhuijsen-Leewisschooltuin kunnen we op de fiets naar toe. Continurooster tot: 14.15 uur;;2;maandag, 09.00 - 10.30;woensdag, 09.00 - 10.30;maandag, 10.45 - 12.15;woensdag, 10.45 - 12.15;donderdag, 09.00 - 10.30;Broekhuijsen-Leewis Schooltuin
12431;675820;2613;Abbs Elzenhagen;fiets;020-6373848;Broekhuijsen-Leewis Schooltuin;6;6B Jeroen  Weber;24;day a weeksch: day a weeksch: Nog onbekend;Voor naar de Schaaptuin - waar we graag naar toegaan - is zoals dit jaar een bus nodig.) F. Broekhuijsen-Leeuwsschooltuin kunnen we op de fiets naar toe. Continurooster tot: 14.15 uur;;2;maandag, 09.00 - 10.30;woensdag, 09.00 - 10.30;maandag, 10.45 - 12.15;woensdag, 10.45 - 12.15;donderdag, 09.00 - 10.30;Broekhuijsen-Leewis Schooltuin
12431;690626;4017;Admiraal de Ruyterschool;lopend;(020) 6182 180;Blijdestijn Schooltuin;6;Groep 6 Ger  Guys;30;day a weeksch: day a weeksch: nee;Bij voorkeur Blijdestijn (dan kunnen wij lopend komen).;;1;maandag, 09.00 - 10.30;maandag, 13.30 - 15.00;maandag, 10.45 - 12.15;;;Blijdestijn Schooltuin
12431;692614;6479;AICS;bus;020-5771240;Aemstel Schooltuin;6;Groep 6A Karen  Costigan;23;day a weeksch: day a weeksch: day a weeksch: day a weeksch: day a weeksch:;;ENGELS;8;dinsdag, 09.00 - 10.30;vrijdag, 09.00 - 10.30;maandag, 09.00 - 10.30;;;Aemstel Schooltuin
12431;692615;6479;AICS;bus;020-5771240;Aemstel Schooltuin;6;Groep 6B Cassie/Donna Warren/Sheahan;23;day a weeksch: ;;ENGELS;8;dinsdag, 09.00 - 10.30;vrijdag, 09.00 - 10.30;maandag, 09.00 - 10.30;;;Aemstel Schooltuin
12431;692616;6479;AICS;bus;020-5771240;Aemstel Schooltuin;6;Groep 6C Vandna  Aurora;23;day a weeksch: ;;ENGELS;8;maandag, 09.00 - 10.30;dinsdag, 09.00 - 10.30;vrijdag, 09.00 - 10.30;;;Aemstel Schooltuin
12431;692617;6479;AICS;bus;020-5771240;Aemstel Schooltuin;6;Groep 6D Ioanna  Efstathiou;23;day a weeksch: day a weeksch:;;ENGELS;8;maandag, 09.00 - 10.30;dinsdag, 09.00 - 10.30;vrijdag, 09.00 - 10.30;;;Aemstel Schooltuin
12431;692618;6479;AICS;bus;020-5771240;Wagner Schooltuin;6;Groep 6F Laura  Foster;23;day a weeksch: day a weeksch: day a weeksch: day a weeksch:;"Groep 6F, 6G, 6H, 6I zitten op locatie zuid-oost:
AICS Sandcastle (SE) Campus";ENGELS;4;maandag, 09.00 - 10.30;woensdag, 09.00 - 10.30;donderdag, 09.00 - 10.30;;;Wagner Schooltuin
12431;692619;6479;AICS;bus;020-5771240;Wagner Schooltuin;6;Groep 6G Sarah  Gibbins;23;day a weeksch:;"Groep 6F, 6G, 6H, 6I zitten op locatie zuid-oost:
AICS Sandcastle (SE) Campus";ENGELS;4;maandag, 09.00 - 10.30;woensdag, 09.00 - 10.30;donderdag, 09.00 - 10.30;;;Wagner Schooltuin
12431;692620;6479;AICS;bus;020-5771240;Wagner Schooltuin;6;Groep 6H Katerina  Tourountou;23;day a weeksch:;"Groep 6F, 6G, 6H, 6I zitten op locatie zuid-oost:
AICS Sandcastle (SE) Campus";ENGELS;4;woensdag, 09.00 - 10.30;donderdag, 09.00 - 10.30;vrijdag, 09.00 - 10.30;;;Wagner Schooltuin
12431;692621;6479;AICS;bus;020-5771240;Wagner Schooltuin;6;Groep 6I Carla  Kuys;23;day a weeksch:;"Groep 6F, 6G, 6H, 6I zitten op locatie zuid-oost:
AICS Sandcastle (SE) Campus";ENGELS;4;woensdag, 09.00 - 10.30;donderdag, 09.00 - 10.30;vrijdag, 13.30 - 15.00;;;Wagner Schooltuin
12431;692553;4028;Al Wafa;lopend;(020) 4861 638;Ridderbos Schooltuin;1;Groep 6B Anouar  Hammou;26;day a weeksch: day a weeksch: Nee;De leerkracht is nog onbekend. Het afgelopen jaar hebben we op dinsdag 13:00 tot 14:30 de lessen gevolgd in Slotermeer. Dat hebben we als fijn ervaren. Als dit nog een jaar kan zou dat leuk zijn. Continurooster tot: 15:00;;2;dinsdag, 13.30 - 15.00;maandag, 13.30 - 15.00;woensdag, 10.45 - 12.15;donderdag, 13.30 - 15.00;;Ridderbos Schooltuin
12431;692648;4011;Annie M.G. Schmidt;lopend;(020) 6182 988;Blijdestijn Schooltuin;6;Groep 6b Leontine van Donkelaar;24;day a weeksch: day a weeksch:;;;2;donderdag, 09.00 - 10.30;donderdag, 10.45 - 12.15;vrijdag, 10.45 - 12.15;dinsdag, 10.45 - 12.15;maandag, 10.45 - 12.15;Blijdestijn Schooltuin
12431;692670;4011;Annie M.G. Schmidt;lopend;(020) 6182 988;Blijdestijn Schooltuin;6;Groep 6a Jenny  Burger;25;day a weeksch: nee;;;2;maandag, 09.00 - 10.30;maandag, 10.45 - 12.15;dinsdag, 09.00 - 10.30;dinsdag, 10.45 - 12.15;vrijdag, 09.00 - 10.30;Blijdestijn Schooltuin
12431;690699;6391;As-Siddieq Al Jawhara (Oost);bus;616 8923 / 616 7348;Vink Schooltuin;6;Groep 6 Leila  El Mofali;18;day a weeksch: Nee;Geen Continurooster tot: 15.15 uur;;2;maandag, 13.30 - 15.00;donderdag, 13.30 - 15.00;donderdag, 10.45 - 12.15;dinsdag, 13.30 - 15.00;dinsdag, 10.45 - 12.15;Vink Schooltuin
12431;690732;6391;As-Siddieq Al Jawhara (Oost);bus;616 8923 / 616 7348;Vink Schooltuin;6;Groep 6 Khouloud  Mouzouri;18;day a weeksch:;Continurooster tot: 15.15;;2;donderdag, 13.30 - 15.00;vrijdag, 10.45 - 12.15;maandag, 13.30 - 15.00;dinsdag, 13.30 - 15.00;vrijdag, 09.00 - 10.30;Vink Schooltuin
12431;692589;4019;As-Siddieq Al Maes (West);lopend;616 8923 / 692 7983;Blijdestijn Schooltuin;6;Groep 6A Amrane  aitichou;19;day a weeksch:;Rooster technisch is donderdag de beste dag.;;3;donderdag, 13.30 - 15.00;maandag, 09.00 - 10.30;dinsdag, 13.30 - 15.00;;;Blijdestijn Schooltuin
12431;692590;4019;As-Siddieq Al Maes (West);lopend;616 8923 / 692 7983;Blijdestijn Schooltuin;6;Groep 6C Malika  Harhour;21;day a weeksch: day a weeksch:;Rooster technisch is donderdag de beste dag.;;3;donderdag, 13.30 - 15.00;dinsdag, 13.30 - 15.00;maandag, 10.45 - 12.15;;;Blijdestijn Schooltuin
12431;692591;4019;As-Siddieq Al Maes (West);lopend;616 8923 / 692 7983;Blijdestijn Schooltuin;6;Groep 6B Emre  Acer;18;day a weeksch: Nee, niet van toepassing.;In de ochtenden heeft de groep drama en gymlessen. Daarom is mijn voorkeur op donderdagmiddag. Continurooster tot: Geen;;3;donderdag, 13.30 - 15.00;dinsdag, 13.30 - 15.00;maandag, 13.30 - 15.00;;;Blijdestijn Schooltuin
12431;690646;6341;ASVO School;bus;020626 90 05;Gaasperdam Schooltuin;7;Mont René   Allard;14;day a weeksch: nee;graag de dinsdagochtend ivm werk schooltuinbegeleider Continurooster tot: 14.45;;2;dinsdag, 09.00 - 10.30;donderdag, 09.00 - 10.30;vrijdag, 09.00 - 10.30;;;Gaasperdam Schooltuin
12431;692669;6341;ASVO School;bus;020626 90 05;Gaasperdam Schooltuin;6;6H Anna  Koelemeijer;26;;;;2;donderdag, 9:00-10:30 uur;donderdag, 10:45-12:00 uur;;;;Gaasperdam Schooltuin
12431;690653;3651;Basisschool Achtsprong;lopend;020-6967257;Gaasperdam Schooltuin;6;Groep 6 Mia  O´Niel;26;day a weeksch: day a weeksch: Ja op dinsdag of donderdag;De leerkracht die volgend jaar in groep 6 staat is nog niet bekend vandaar dat voor nu alle informatie naar de directie verzonden mag worden. Continurooster tot: 14:00u Continurooster tot: 14:00u;;1;maandag, 13.30 - 15.00;dinsdag, 13.30 - 15.00;woensdag, 10.45 - 12.15;donderdag, 13.30 - 15.00;vrijdag, 13.30 - 15.00;Gaasperdam Schooltuin
12431;692561;4028;Al Wafa;lopend;(020) 4861 638;Ridderbos Schooltuin;6;Groep 6A Anouar  Hammou;24;day a weeksch: day a weeksch: day a weeksch: day a weeksch: Nee;De leerkracht is nog onbekend. Het afgelopen jaar hebben we op dinsdag 13:00 tot 14:30 de lessen gevolgd in Slotermeer. Dat hebben we als fijn ervaren. Als dit nog een jaar kan zou dat leuk zijn. Continurooster tot: 15:00;;2;dinsdag, 13.30 - 15.00;maandag, 13.30 - 15.00;woensdag, 10.45 - 12.15;donderdag, 13.30 - 15.00;;Ridderbos Schooltuin
12431;692563;6385;Basisschool De Achthoek;bus;020-418 55 62;Gaasperdam Schooltuin;6;6b Iris  Akkerman;25;day a weeksch: day a weeksch: ja, op donderdag;;;2;woensdag, 09.00 - 10.30;woensdag, 10.45 - 12.15;vrijdag, 10.45 - 12.15;donderdag, 13.30 - 15.00;donderdag, 10.45 - 12.15;Gaasperdam Schooltuin
12431;692562;6385;Basisschool De Achthoek;bus;020-418 55 62;Gaasperdam Schooltuin;6;6a Maaike  Buskens;26;day a weeksch: day a weeksch: ja, op donderdag;;;2;dinsdag, 09.00 - 10.30;dinsdag, 10.45 - 12.15;dinsdag, 13.30 - 15.00;vrijdag, 09.00 - 10.30;woensdag, 09.00 - 10.30;Gaasperdam Schooltuin
12431;690729;6397;Basisschool De Dapper;lopend;693 91 00;Vink Schooltuin;6;Groep 6 Jolanda  Bishof;13;day a weeksch: nee;wij kunnen niet op een andere tijdstip in verband met bezetting Continurooster tot: 14.15;;1;maandag, 09.00 - 10.30;dinsdag, 09.00 - 10.30;donderdag, 09.00 - 10.30;;;Vink Schooltuin
12431;692610;6420;Basisschool De Poseidon;bus;020 416 72 38;Wagner Schooltuin;6;Groep 6B Martijn van Dijk;21;day a weeksch: nee; Continurooster tot: 14:00;;2;maandag, 10.45 - 12.15;dinsdag, 09.00 - 10.30;dinsdag, 10.45 - 12.15;vrijdag, 10.45 - 12.15;vrijdag, 09.00 - 10.30;Wagner Schooltuin
12431;692611;6420;Basisschool De Poseidon;bus;020 416 72 38;Wagner Schooltuin;6;Groep 6A Mascha  Schurgers;20;day a weeksch: nee; Continurooster tot: 14:00;;2;maandag, 10.45 - 12.15;dinsdag, 09.00 - 10.30;dinsdag, 10.45 - 12.15;vrijdag, 10.45 - 12.15;vrijdag, 09.00 - 10.30;Wagner Schooltuin
12431;681278;2604;Biënkorf;lopend;020-6367067;Broekhuijsen-Leewis Schooltuin;5;1mb Mirte  deBokx;28;day a weeksch: ja, donderdag;"Wij komen tegelijkertijd met 2 (afzonderlijke) groepen. Moeten dus op dezelfde dag. Eigenlijk is alleen de dinsdagmiddag mogelijk bij ons.

Hartelijk Dank";;2;dinsdag, 13.30 - 15.00;donderdag, 13.30 - 15.00;maandag, 13.30 - 15.00;;;Broekhuijsen-Leewis Schooltuin
12431;681279;2604;Biënkorf;lopend;020-6367067;Broekhuijsen-Leewis Schooltuin;5;2mb maaike  volkers;29;day a weeksch: ja, donderdag;"Wij komen tegelijkertijd met 2 (afzonderlijke) groepen. Moeten dus op dezelfde dag. Eigenlijk is alleen de dinsdagmiddag mogelijk bij ons.

Hartelijk Dank";;2;dinsdag, 13.30 - 15.00;donderdag, 13.30 - 15.00;maandag, 13.30 - 15.00;;;Broekhuijsen-Leewis Schooltuin
12431;690634;4032;Bos en Lommerschool;lopend;(020) 6862 518;Ridderbos Schooltuin;6;Groep 6B Linda  Man;24;day a weeksch: donderdagochtend;Wij kunnen alleen deelnemen aan de schooltuinen als de les in de middag valt. Anders moeten wij helaas cancelen. Continurooster tot: 14.15;;2;maandag, 13.30 - 15.00;dinsdag, 13.30 - 15.00;donderdag, 13.30 - 15.00;;;Ridderbos Schooltuin
12431;690635;4032;Bos en Lommerschool;lopend;(020) 6862 518;Ridderbos Schooltuin;6;Groep 6A Linda  Man;24;day a weeksch: donderdagochtend;Wij kunnen alleen deelnemen aan de schooltuinen als de les in de middag valt. Anders moeten wij helaas cancelen. Continurooster tot: 14.15;;2;maandag, 13.30 - 15.00;dinsdag, 13.30 - 15.00;donderdag, 13.30 - 15.00;;;Ridderbos Schooltuin
12431;690660;2607;Botteloef;bus;020-6317184;Schaap Schooltuin;6;Groep 6 Hulia  Ok;14;day a weeksch: day a weeksch: dinsdag;Voorkeur gaat uit naar vrijdagmiddag 12:30-15:00 ivm cultuurrooster. Continurooster tot: 14:30 uur Continurooster tot: 14:30 uur;;1;vrijdag, 13.30 - 15.00;vrijdag, 09.00 - 10.30;vrijdag, 10.45 - 12.15;;;Schaap Schooltuin
12431;690639;6457;BS De Spaarndammerhout;lopend;682 91 14;Roos Schooltuin;6;Groep 6 Esmee  Bakkenes;23;day a weeksch: ja op de woensdag;We zouden graag de groepen 6 van de Spaarndammerhout op dezelfde dag willen laten komen. Continurooster tot: 14:00;;2;vrijdag, 09.00 - 10.30;donderdag, 09.00 - 10.30;dinsdag, 09.00 - 10.30;maandag, 09.00 - 10.30;vrijdag, 10.45 - 12.15;Roos Schooltuin
12431;690627;6457;BS De Spaarndammerhout;lopend;682 91 14;Roos Schooltuin;6;Groep 6 Nancy van Lith;25;day a weeksch: woensdag;het gaat om twee groepen 6 van 25 en 23 kinderen. We zitten al jaren bij de schooltuinen in het westerpark, daar willen we graag blijven. Ook zou het voor ons goed uitkomen als we op donderdag of vrijdagmiddag van 12:30-14:00 uur kunnen komen. Deze optie staat er niet bij. Mocht dit niet kunnen, dan graag om 9:00 Continurooster tot: 14:15;;2;vrijdag, 09.00 - 10.30;donderdag, 09.00 - 10.30;dinsdag, 09.00 - 10.30;maandag, 09.00 - 10.30;vrijdag, 10.45 - 12.15;Roos Schooltuin
12431;690648;3642;BS Fiep Westendorp;lopend;020-4080513;Toorop Schooltuin;6;Groep 6A;13;day a weeksch: Dinsdag; Continurooster tot: 14.45 uur;;2;donderdag, 13.30 - 15.00;vrijdag, 13.30 - 15.00;maandag, 13.30 - 15.00;;;Toorop Schooltuin
12431;690649;3642;BS Fiep Westendorp;lopend;020-4080513;Toorop Schooltuin;6;Groep 6B;26;day a weeksch: Dinsdag;Graag samen op dezelfde tijd als de andere groep 6 (leerkracht Josie Smit) Continurooster tot: 14:45;;2;donderdag, 13.30 - 15.00;vrijdag, 13.30 - 15.00;maandag, 13.30 - 15.00;;;Toorop Schooltuin
12431;690632;17207;BS Kors Breijer;bus;294412050;Gaasperdam Schooltuin;1;groep 6a nicole  Ebing;23;day a weeksch: nee; Continurooster tot: 14.00 uur;;2;woensdag, 10.45 - 12.15;dinsdag, 10.45 - 12.15;donderdag, 10.45 - 12.15;vrijdag, 10.45 - 12.15;maandag, 10.45 - 12.15;Gaasperdam Schooltuin
12431;690633;17207;BS Kors Breijer;bus;294412050;Gaasperdam Schooltuin;1;groep 6b isabella  vedder;24;day a weeksch: nee; Continurooster tot: 14.00 uur;;2;donderdag, 10.45 - 12.15;vrijdag, 10.45 - 12.15;dinsdag, 10.45 - 12.15;maandag, 10.45 - 12.15;woensdag, 10.45 - 12.15;Gaasperdam Schooltuin
12431;692464;6485;Buitenveldertse Mont;lopend;020 644 84 46;Aemstel Schooltuin;6;Groep 6 Miriam  Monchen;24;day a weeksch: nee; Continurooster tot: x;;1;donderdag, 13.30 - 15.00;vrijdag, 13.30 - 15.00;maandag, 13.30 - 15.00;;;Aemstel Schooltuin
12431;690647;6440;Catamaran;lopend;020-6840200;Roos Schooltuin;6;Groep 6 Margriet  Kraamwinkel;22;day a weeksch: day a weeksch: nee;Omdat onze schooldag tot half 3 duurt zou het heel fijn zijn als de lessen om 13:00 u kunnen beginnen. Continurooster tot: 14:30;;1;maandag, 13.30 - 15.00;donderdag, 13.30 - 15.00;vrijdag, 13.30 - 15.00;;;Roos Schooltuin
12431;690664;6489;Cornelis Vrijschool;bus;020-6623754;Kalff Schooltuin;6;Groep 6 Ranhgyll  Barnaart;30;day a weeksch: Nee;nvt.;;1;maandag, 13.30 - 15.00;vrijdag, 13.30 - 15.00;vrijdag, 10.45 - 12.15;;;Kalff Schooltuin
12431;692584;3656;Crescendo;lopend;020-6957178;Gaasperdam Schooltuin;6;Groep 6 Lydia  Verbond;30;day a weeksch: nee; Continurooster tot: 14:30;;1;vrijdag, 13.30 - 15.00;woensdag, 10.45 - 12.15;vrijdag, 10.45 - 12.15;;;Gaasperdam Schooltuin
12431;692657;6387;Dalton Aldoende;lopend;020 468 5909;Vink Schooltuin;6;Groep 6 Sabba  Butt;19;day a weeksch: Ja, op de dinsdag;Graag beide klassen op dezelfde dag en het tijdstip. Wij zijn een Dalton en willen graag dat wij samen als groep naar de schooltuinen kunnen. Continurooster tot: 14:00 uur;;2;vrijdag, 09.00 - 10.30;vrijdag, 10.45 - 12.15;donderdag, 09.00 - 10.30;donderdag, 10.45 - 12.15;maandag, 10.45 - 12.15;Vink Schooltuin
12431;692658;6387;Dalton Aldoende;lopend;020 468 5909;Vink Schooltuin;6;6B Jolanda  Brinkman;15;day a weeksch: Ja, op de dinsdag.;Graag beide klassen op dezelfde dag en tijdstip. Wij zijn een Dalton en willen graag samen naar de schooltuinen. Continurooster tot: 14:00 uur;;2;vrijdag, 09.00 - 10.30;vrijdag, 10.45 - 12.15;donderdag, 09.00 - 10.30;donderdag, 10.45 - 12.15;maandag, 10.45 - 12.15;Vink Schooltuin
12431;692653;6412;Dalton De Meer;lopend;694 57 00;Vink Schooltuin;6;Groep 6A Aimee van den Hof;21;day a weeksch: ja van het Leermeer (net zo iets ) daarom niet op woensdag;Dezelfde voorkeurstijden gelden voor groep 6B Continurooster tot: NVT;;2;maandag, 09.00 - 10.30;maandag, 13.30 - 15.00;donderdag, 13.30 - 15.00;dinsdag, 13.30 - 15.00;vrijdag, 13.30 - 15.00;Vink Schooltuin
12431;692654;6412;Dalton De Meer;lopend;694 57 00;Vink Schooltuin;6;Groep 6 Marlies  Dersjant;22;day a weeksch: ja, van het Leermeer (net zo iets)daarom niet op woensdag; Continurooster tot: NVT;;2;maandag, 09.00 - 10.30;maandag, 13.30 - 15.00;donderdag, 13.30 - 15.00;dinsdag, 13.30 - 15.00;vrijdag, 13.30 - 15.00;Vink Schooltuin
12431;690788;2622;Dalton De Poolster;bus;020-6315870;Schaap Schooltuin;6;Groep 6 Annelies de Haan;26;day a weeksch: day a weeksch: nee;Continurooster tot: 14.30 Continurooster tot: 14.30;;1;woensdag, 09.00 - 10.30;vrijdag, 09.00 - 10.30;vrijdag, 10.45 - 12.15;;;Schaap Schooltuin
12431;690643;6353;De Alan Turingschool;bus;622 45 84;Schaap Schooltuin;6;Groep 6 Nina de Ligt Nina de Ligt;27;day a weeksch: nee;Gaasperdam was voor ons te ver. Wij willen graag weer bij Schaap schooltuin ingeroosterd worden. Continurooster tot: nee;;1;vrijdag, 09.00 - 10.30;donderdag, 09.00 - 10.30;maandag, 09.00 - 10.30;dinsdag, 09.00 - 10.30;donderdag, 10.45 - 12.15;Schaap Schooltuin
12431;692548;6481;De Amsterdamse Mont;bus;020-3057878;Gaasperdam Schooltuin;6;Groep 6 Leonie  Walvis;21;day a weeksch: day a weeksch: day a weeksch: Nee;Omdat wij een Mont zijn met combinatiegroepen (6,7,8) komen de leerlingen van groep 6 uit 4 verschillende klassen. Organisatorisch (gym/muziek roosters) een enorme uitdaging als dit op een andere dag dan de woensdag is. Heel graag dus een plek op de woensdag! Alvast bedankt, met vriendelijke groet, Leonie Walvis coördinator bovenbouw AMS;;2;woensdag, 09.00 - 10.30;woensdag, 10.45 - 12.15;maandag, 10.45 - 12.15;maandag, 09.00 - 10.30;donderdag, 09.00 - 10.30;Gaasperdam Schooltuin
12431;692580;6481;De Amsterdamse Mont;bus;020-3057878;Gaasperdam Schooltuin;6;Groep 6 (2) Leonie  Walvis;22;day a weeksch: nee;Omdat wij een Mont zijn met combinatiegroepen (6,7,8) komen de leerlingen van groep 6 uit 4 verschillende klassen. Organisatorisch (gym/muziek roosters) een enorme uitdaging als dit op een andere dag dan de woensdag is. Heel graag dus een plek op de woensdag! Alvast bedankt, met vriendelijke groet, Leonie Walvis coördinator bovenbouw AMS;;2;woensdag, 09.00 - 10.30;woensdag, 10.45 - 12.15;maandag, 10.45 - 12.15;maandag, 09.00 - 10.30;donderdag, 09.00 - 10.30;Gaasperdam Schooltuin
12431;690675;2606;De Bonkelaar;bus;020-6311945;Schaap Schooltuin;6;Groep 6A Quinty  Bouwman;19;day a weeksch: Nee; Continurooster tot: 14:00 uur;;2;donderdag, 09.00 - 10.30;donderdag, 10.45 - 12.15;woensdag, 09.00 - 10.30;woensdag, 10.45 - 12.15;vrijdag, 10.45 - 12.15;Schaap Schooltuin
12431;690676;2606;De Bonkelaar;bus;020-6311945;Schaap Schooltuin;6;Groep 6B Marion  Brasse;19;day a weeksch: day a weeksch: Nee;Continurooster tot: 14:00 uur;;2;donderdag, 10.45 - 12.15;donderdag, 09.00 - 10.30;woensdag, 09.00 - 10.30;woensdag, 10.45 - 12.15;vrijdag, 10.45 - 12.15;Schaap Schooltuin
12431;690618;6438;De Bron;lopend;686 49 13;Roos Schooltuin;6;Groep 6/7 Ines  Van Piggelen;32;day a weeksch: nee;VOORKEUR VOOR WOENSDAG - Doorgegeven aan Meta. geen continurooster wel om 14:45 uit, daarom middag niet mogelijk;;1;vrijdag, 09.00 - 10.30;vrijdag, 10.45 - 12.15;woensdag, 09.00 - 10.30;woensdag, 10.45 - 12.15;maandag, 09.00 - 10.30;Roos Schooltuin
12431;690803;2609;De Buikslotermeer;lopend;020-6371265;Broekhuijsen-Leewis Schooltuin;6;Groep 6 Tom  Bijlholt;25;day a weeksch: nee;n.v.t. Continurooster tot: 14.15 uur;;1;donderdag, 09.00 - 10.30;vrijdag, 09.00 - 10.30;woensdag, 09.00 - 10.30;;;Broekhuijsen-Leewis Schooltuin
12431;692604;17926;De Dadelpalm.;lopend;020-7371215;Nijkamp Schooltuin;6;Groep 6 Ilhame  Aanzi;24;day a weeksch: day a weeksch: day a weeksch: Nee;behalve vrijdag dan is het 12:00 uur Continurooster tot: 15:00;;1;maandag, 09.00 - 10.30;dinsdag, 09.00 - 10.30;woensdag, 09.00 - 10.30;;;Nijkamp Schooltuin
12431;692643;3603;De Globe Openbaar;bus;020-4101627;Osdorp Schooltuin;6;Groep 6 Jane  Walton;19;day a weeksch: nee; Continurooster tot: 14.00 u;;1;dinsdag, 09.00 - 10.30;dinsdag, 10.45 - 12.15;maandag, 10.45 - 12.15;;;Osdorp Schooltuin
12431;692527;3604;De Horizon;bus;020-6672281;Osdorp Schooltuin;6;6B Anna Anna  Smits;22;day a weeksch: day a weeksch: donderdag;Groep 6a en 6b graag zelfde moment Continurooster tot: 14:15;;3;maandag, 09.00 - 10.30;maandag, 10.45 - 12.15;woensdag, 09.00 - 10.30;woensdag, 10.45 - 12.15;dinsdag, 09.00 - 10.30;Osdorp Schooltuin
12431;692529;3604;De Horizon;bus;020-6672281;Osdorp Schooltuin;6;6C Cobie Cobie van Tongeren;22;day a weeksch: day a weeksch: nee;Continurooster tot: 14:00;;3;maandag, 09.00 - 10.30;maandag, 10.45 - 12.15;woensdag, 09.00 - 10.30;woensdag, 10.45 - 12.15;woensdag, 09.00 - 10.30;Osdorp Schooltuin
12431;692526;3604;De Horizon;bus;020-6672281;Osdorp Schooltuin;6;6A Mirella Mirella van Velzen;21;day a weeksch: ;Graag groep 6A en 6B (hoofdgebouw om dezelfde tijd) Continurooster tot: 14:15;;3;maandag, 09.00 - 10.30;maandag, 10.45 - 12.15;woensdag, 10.45 - 12.15;vrijdag, 10.45 - 12.15;vrijdag, 09.00 - 10.30;Osdorp Schooltuin
12431;690775;8393;De Kleine Nicolaas;bus;820 4438;Kalff Schooltuin;6;Groep 6 Nienke van der Ploeg;25;day a weeksch: ja op dinsdagochtend;;;1;maandag, 13.30 - 15.00;maandag, 10.45 - 12.15;donderdag, 13.30 - 15.00;maandag, 09.00 - 10.30;vrijdag, 13.30 - 15.00;Kalff Schooltuin
12431;677587;6495;De Leertuin;bus;020 470 27 17;Gaasperdam Schooltuin;5;Groep 5/6 Leoni  Rouschop-Sitvast;11;day a weeksch: nee; Continurooster tot: 15:00 uur;;1;maandag, 13.30 - 15.00;maandag, 09.00 - 10.30;dinsdag, 13.30 - 15.00;woensdag, 10.45 - 12.15;donderdag, 13.30 - 15.00;Aemstel Schooltuin
12431;690735;3632;De Mijlpaal;bus;020-6692488;Nijkamp Schooltuin;6;Groep 6B Astrid de Ridder;22;day a weeksch: nee; Continurooster tot: nee;;2;woensdag, 09.00 - 10.30;maandag, 09.00 - 10.30;dinsdag, 09.00 - 10.30;;;Nijkamp Schooltuin
12431;690736;3632;De Mijlpaal;bus;020-6692488;Nijkamp Schooltuin;6;6A Nora  Aarendonk;22;day a weeksch: day a weeksch: nee;Continurooster tot: nee;;2;woensdag, 09.00 - 10.30;maandag, 09.00 - 10.30;dinsdag, 09.00 - 10.30;;;Nijkamp Schooltuin
12431;692542;5398;De Nautilus;lopend;020-6173656;Toorop Schooltuin;6;Groep 6 Claudia  Dahmen-Geel;22;day a weeksch: day a weeksch: Nee;Continurooster tot: 14.30 uur;;1;vrijdag, 10.45 - 12.15;dinsdag, 10.45 - 12.15;vrijdag, 09.00 - 10.30;dinsdag, 09.00 - 10.30;;Toorop Schooltuin
12431;692680;7098;De Nieuwe Internationale School Esprit (DENISE);bus;020 480 27 00;Kalff Schooltuin;7;Groep 7a Maria del Mar de Vries;0;day a weeksch: ;"Deze aanmelding betreft twee klassen, 7A en 7B.
Onze school ligt aan de Piet Mondriaanstraat, in Amsterdam Nieuw-West. Continurooster tot: Woensdag korte dag: tot 12.30. Rest van de week tot 15.00 Continurooster tot: Woensdag korte dag: tot 12.30. Rest van de week tot 15.00";;2;maandag, 09.00 - 10.30;maandag, 10.45 - 12.15;maandag, 13.30 - 15.00;woensdag, 09.00 - 10.30;woensdag, 10.45 - 12.15;Kalff Schooltuin
12431;692681;7098;De Nieuwe Internationale School Esprit (DENISE);bus;020 480 27 00;Kalff Schooltuin;7;Groep 7B Randy  LeFebre;0;day a weeksch: ;"Onze andere groep 7 is ook aangemeld als het goed is.
Onze school ligt aan de Piet Mondriaanstraat in Amsterdam Nieuw-West. Continurooster tot: Woensdag korte dag: tot 12.30. Rest van de week tot 15.00";;2;maandag, 09.00 - 10.30;maandag, 10.45 - 12.15;maandag, 13.30 - 15.00;woensdag, 09.00 - 10.30;woensdag, 10.45 - 12.15;Kalff Schooltuin
12431;692496;3609;De Odyssee;bus;020-6671762;Osdorp Schooltuin;6;Groep 6A Ilham  Stitou;24;day a weeksch: nee; Continurooster tot: 14.30;;2;woensdag, 09.00 - 10.30;donderdag, 09.00 - 10.30;maandag, 09.00 - 10.30;maandag, 10.45 - 12.15;donderdag, 10.45 - 12.15;Osdorp Schooltuin
12431;692494;3609;De Odyssee;bus;020-6671762;Osdorp Schooltuin;6;Groep 6 Debby  Sol;26;day a weeksch: nee; Continurooster tot: 14.30;;2;woensdag, 09.00 - 10.30;donderdag, 09.00 - 10.30;maandag, 09.00 - 10.30;maandag, 10.45 - 12.15;donderdag, 10.45 - 12.15;Osdorp Schooltuin
12431;692633;3610;De Osdorpse Mont;bus;020-6190914;Osdorp Schooltuin;6;Groep A, B Cora  Greevenbosch;18;day a weeksch: nee;wij komen met 2 groepen van ongeveer 18 leerlingen per groep. Wij kunnen starten om 13 uur en dan tot 14.30. Wij kunnen eigenlijk alleen dinsdagmiddag dan kunnen we ook vaste leerkrachten meesturen. Continurooster tot: 14.45;;2;dinsdag, 13.30 - 15.00;dinsdag, 10.45 - 12.15;donderdag, 13.30 - 15.00;;;Osdorp Schooltuin
12431;692634;3610;De Osdorpse Mont;bus;020-6190914;Osdorp Schooltuin;6;Groep 6 Sandra  gerritze;18;day a weeksch: nee;wij kunnen eigenlijk alleen op de dinsdagmiddag dan kunnen wij vaste leerkrachten meesturen. Wij kunnen starten om 13 uur en dan tot 14.30. Beiden groepen op dezelfde dag en tijd. Continurooster tot: 14.45;;2;dinsdag, 13.30 - 15.00;dinsdag, 10.45 - 12.15;donderdag, 13.30 - 15.00;;;Osdorp Schooltuin
12431;692551;3612;De Punt Openbaar;bus;020-6199743;Osdorp Schooltuin;6;Groep 6A Zeinab  Quandili;23;day a weeksch: ja, woensdag;Op donderdag en vrijdag kunnen we niet komen. En wij willen graag terug naar de schooltuinen in Osdorp Continurooster tot: 14:15;;2;dinsdag, 10.45 - 12.15;maandag, 10.45 - 12.15;woensdag, 10.45 - 12.15;;;Osdorp Schooltuin
12431;692555;3612;De Punt Openbaar;bus;020-6199743;Osdorp Schooltuin;6;Groep 6B Tirzah  Lewis;23;day a weeksch: ja, woensdag;"donderdag en vrijdag kunnen we niet. Wij willen graag terug naar Schooltuinen in Osdorp
Groep 6a en groep 6b willen samen op dezelfde dag en tijd gaan Continurooster tot: 14:15";;2;dinsdag, 10.45 - 12.15;maandag, 10.45 - 12.15;woensdag, 10.45 - 12.15;;;Osdorp Schooltuin
12431;692506;3668;De Regenboog;fiets;020-6972176;Gaasperdam Schooltuin;6;Groep 6 Agnelet  Haasbeek;27;day a weeksch: nee;Lunchpauze van 12-13.00 uur. samenstelling uit drie groepen ivm Mont-onderwijs;;1;woensdag, 10.45 - 12.15;woensdag, 09.00 - 10.30;vrijdag, 09.00 - 10.30;;;Gaasperdam Schooltuin
12431;692516;3659;De Rozemarn;lopend;020-6965752;Gaasperdam Schooltuin;6;groep 6a  Naomi  de Jager;20;day a weeksch: day a weeksch: ja dinsdag of donderdag;Continurooster tot: 14 uur;;2;donderdag, 10.45 - 12.15;vrijdag, 09.00 - 10.30;vrijdag, 10.45 - 12.15;;;Gaasperdam Schooltuin
12431;692517;3659;De Rozemarn;lopend;020-6965752;Gaasperdam Schooltuin;6;groep 6b Mick  Schukking;24;day a weeksch: day a weeksch: ja dinsdag of donderdag;Continurooster tot: 14 uur;;2;donderdag, 10.45 - 12.15;vrijdag, 09.00 - 10.30;vrijdag, 10.45 - 12.15;;;Gaasperdam Schooltuin
12431;692540;3660;De Schakel;bus;020-6906577;Wagner Schooltuin;6;Groep 6 Jerrel  Nanhekhan;17;day a weeksch: ;het liefst op de vrijdag Continurooster tot: 14:00;;1;vrijdag, 10.45 - 12.15;vrijdag, 09.00 - 10.30;woensdag, 10.45 - 12.15;;;Wagner Schooltuin
12431;692520;6514;De Springstok;bus;020-664 86 70;Kalff Schooltuin;1;Groep 6 Ruben  Hebing;24;day a weeksch: ja, op donderdag; Continurooster tot: 14.30;;1;maandag, 10.45 - 12.15;dinsdag, 10.45 - 12.15;woensdag, 10.45 - 12.15;vrijdag, 10.45 - 12.15;woensdag, 09.00 - 10.30;Kalff Schooltuin
12431;690739;3633;De Vlaamse Reus;bus;020-3468400;Ridderbos Schooltuin;6;groep 6 en 6/7 Agnes van Veen;17;day a weeksch: day a weeksch: donderdag;"woensdag- en vrijdagmiddag is vrij voor de kinderen. 
 

Het betreft een groep 6 en 9 kinderen uit een combinatiegroep 6/7. Graag alle 34 kinderen op het zelfde tijdstip en dezelfde dag.";;2;vrijdag, 09.00 - 10.30;woensdag, 09.00 - 10.30;dinsdag, 10.45 - 12.15;;;Ridderbos Schooltuin
12431;690740;3633;De Vlaamse Reus;bus;020-3468400;Ridderbos Schooltuin;6;Groep 6 Emmy  Bruinzeel;17;day a weeksch: ja, donderdag;Woensdag-en vrijdagmiddag zijn de kinderen vrij. Het betreft een groep 6 en een combinatiegroep 6/7 (9 kinderen gr. 6). Die dus allemaal op hetzelfde moment schooltuinen krijgen.;;2;vrijdag, 09.00 - 10.30;woensdag, 09.00 - 10.30;maandag, 13.30 - 15.00;;;Ridderbos Schooltuin
12431;690661;4012;De Waterkant;bus;(020) 6120 122;Blijdestijn Schooltuin;6;Groep 6 Lisanne  Pronk;20;day a weeksch: nee; Continurooster tot: n.v.t;;1;vrijdag, 09.00 - 10.30;woensdag, 09.00 - 10.30;vrijdag, 10.45 - 12.15;woensdag, 10.45 - 12.15;vrijdag, 13.30 - 15.00;Blijdestijn Schooltuin
12431;692532;3630;De Wereldburger;bus;020-6138482;Osdorp Schooltuin;1;groep 6 merve  sungur;26;day a weeksch: day a weeksch: day a weeksch: nee;behalve de woensdag. dan zijn wij 12.30 uur uit Continurooster tot: 14.30;;1;woensdag, 10.45 - 12.15;vrijdag, 09.00 - 10.30;dinsdag, 09.00 - 10.30;;;Osdorp Schooltuin
12431;692522;6471;De Zeeheld;bus;020344 50 60;Nijkamp Schooltuin;6;6B Susanne  Enkelaar;12;day a weeksch: woensdag; Continurooster tot: 14.00;;2;dinsdag, 09.00 - 10.30;vrijdag, 09.00 - 10.30;donderdag, 09.00 - 10.30;dinsdag, 10.45 - 12.15;;Roos Schooltuin
12431;692521;6471;De Zeeheld;bus;020344 50 60;Nijkamp Schooltuin;6;6A Ivana  Kurelja;23;day a weeksch: woensdag; Continurooster tot: 14.00;;2;dinsdag, 09.00 - 10.30;vrijdag, 09.00 - 10.30;donderdag, 09.00 - 10.30;dinsdag, 10.45 - 12.15;;Roos Schooltuin
12431;690791;3634;De Zevensprong;bus;020-4081571;Nijkamp Schooltuin;5;Pommekes + Wafeltjes;24;day a weeksch: nee;En WafeltjesWij hebben 4 groepen 5/6. We willen de groep 6 kinderen per 2 groepen met elkaar naar schooltuinen laten gaan.;;4;dinsdag, 09.00 - 10.30;vrijdag, 09.00 - 10.30;vrijdag, 10.45 - 12.15;;;Nijkamp Schooltuin
12431;690792;3634;De Zevensprong;bus;020-4081571;Nijkamp Schooltuin;5;Pralines + Spaatjes;26;day a weeksch: nee;En Spaatjes samen. Wij hebben 4 groepen 5/6. We willen de groep 6 kinderen per 2 groepen met elkaar naar schooltuinen laten gaan.;;4;dinsdag, 09.00 - 10.30;vrijdag, 09.00 - 10.30;vrijdag, 10.45 - 12.15;;;Nijkamp Schooltuin
12431;690795;3634;De Zevensprong;bus;020-4081571;Nijkamp Schooltuin;7;Belgen + Reuzenkwakkels;26;day a weeksch: nee;en Reuzenkwakkels Wij hebben 4 groepen 7/8. We willen de groep 7 kinderen per 2 groepen met elkaar naar schooltuinen laten gaan.;;4;maandag, 09.00 - 10.30;maandag, 10.45 - 12.15;donderdag, 09.00 - 10.30;donderdag, 10.45 - 12.15;;Nijkamp Schooltuin
12431;690796;3634;De Zevensprong;bus;020-4081571;Nijkamp Schooltuin;7;Maneblussers + Muishonden;26;day a weeksch: nee;en Muuishonden Wij hebben 4 groepen 7/8. We willen de groep 7 kinderen per 2 groepen met elkaar naar schooltuinen laten gaan.;;4;maandag, 09.00 - 10.30;maandag, 10.45 - 12.15;donderdag, 09.00 - 10.30;donderdag, 10.45 - 12.15;;Nijkamp Schooltuin
12431;692482;6405;DKC De Kleine Kapitein;bus;020 419 89 83;Gaasperdam Schooltuin;6;Groep 6 Nicole  Rijnvis;15;day a weeksch: nee; Continurooster tot: 14.30;;1;donderdag, 13.30 - 15.00;vrijdag, 13.30 - 15.00;dinsdag, 13.30 - 15.00;;;Gaasperdam Schooltuin
12431;690700;2610;DOK10;lopend;020-6367723;Broekhuijsen-Leewis Schooltuin;6;Groep 6 Charise  Wong A Soy;23;day a weeksch: nee; Continurooster tot: 14.15;;1;woensdag, 10.45 - 12.15;woensdag, 09.00 - 10.30;maandag, 10.45 - 12.15;maandag, 09.00 - 10.30;dinsdag, 10.45 - 12.15;Broekhuijsen-Leewis Schooltuin
12431;692534;6493;Dongeschool;bus;020-664 12 88;Gaasperdam Schooltuin;6;groep 6A Jan Willem  Malda;21;day a weeksch: ja op dinsdag en donderdag;;;2;maandag, 13.30 - 15.00;vrijdag, 13.30 - 15.00;maandag, 10.45 - 12.15;vrijdag, 10.45 - 12.15;vrijdag, 09.00 - 10.30;Gaasperdam Schooltuin
12431;692535;6493;Dongeschool;bus;020-664 12 88;Gaasperdam Schooltuin;6;Groep 6B Kenneth van Cauter;21;day a weeksch: ja op dinsdag en donderdag;;;2;maandag, 13.30 - 15.00;vrijdag, 13.30 - 15.00;maandag, 10.45 - 12.15;vrijdag, 10.45 - 12.15;vrijdag, 09.00 - 10.30;Gaasperdam Schooltuin
12431;692569;6342;Dr. E. Boekmanschool;bus;020-622 97 85;Schaap Schooltuin;6;6a 24/25 Sanne  Janssen;25;day a weeksch: ;;;2;vrijdag, 13.30 - 15.00;vrijdag, 10.45 - 12.15;donderdag, 13.30 - 15.00;;;Schaap Schooltuin
12431;692570;6342;Dr. E. Boekmanschool;bus;020-622 97 85;Schaap Schooltuin;6;6b 24/25 Ruzica  Suran;25;day a weeksch: ;;;2;vrijdag, 13.30 - 15.00;donderdag, 13.30 - 15.00;vrijdag, 10.45 - 12.15;;;Schaap Schooltuin
12431;692586;6447;Dr. Rijk Kramer;lopend;020 682 08 37;Roos Schooltuin;6;Groep V6 Chris van Hensbergen;25;day a weeksch: Nee;;;2;vrijdag, 13.30 - 15.00;donderdag, 13.30 - 15.00;vrijdag, 09.00 - 10.30;dinsdag, 13.30 - 15.00;;Roos Schooltuin
12431;692587;6447;Dr. Rijk Kramer;lopend;020 682 08 37;Roos Schooltuin;6;Groep 6 NAS Liesbeth  Brederveld;23;day a weeksch: Nee;;;2;vrijdag, 10.45 - 12.15;vrijdag, 13.30 - 15.00;vrijdag, 09.00 - 10.30;;;Roos Schooltuin
12431;690687;2612;Driemaster;fiets;020-6319882;Schaap Schooltuin;6;Groep 6A Tessa  Veld;20;day a weeksch: nee; Continurooster tot: 14:30;;2;dinsdag, 10.45 - 12.15;donderdag, 10.45 - 12.15;vrijdag, 10.45 - 12.15;;;Schaap Schooltuin
12431;690688;2612;Driemaster;fiets;020-6319882;Schaap Schooltuin;6;Groep 6B Ferdi  Goessen;20;day a weeksch: nee; Continurooster tot: 14:30;;2;dinsdag, 10.45 - 12.15;donderdag, 10.45 - 12.15;vrijdag, 10.45 - 12.15;;;Schaap Schooltuin
12431;692595;6494;Eerste Openluchtschool;bus;020 679 90 12;Gaasperdam Schooltuin;6;Groep 6 Emiel  Engelsman;27;day a weeksch: Nee;;;1;dinsdag, 09.00 - 10.30;donderdag, 10.45 - 12.15;vrijdag, 10.45 - 12.15;;;Gaasperdam Schooltuin
12431;692486;3640;Einsteinschool;bus;020-7600061;Nijkamp Schooltuin;6;Groep 6 Malika  Benlarbi;9;day a weeksch: day a weeksch: nee;Alleen indien mogelijk met busvervoer. Alle tuinen zijn te ver op te lopen Continurooster tot: Geen continurooster! Continurooster tot: geen;;1;maandag, 09.00 - 10.30;dinsdag, 09.00 - 10.30;donderdag, 09.00 - 10.30;;;Nijkamp Schooltuin
12431;692676;3602;El Amien I;lopend;020-6199970;Osdorp Schooltuin;6;Groep 6b Abdelghafor  Attahiri;0;day a weeksch: ;Voorkeursmomenten zijn willekeurig ingevuld. Ontvang ik graag nog per mail. Gr Meta;;4;dinsdag, 10.45 - 12.15;woensdag, 10.45 - 12.15;donderdag, 10.45 - 12.15;;;Osdorp Schooltuin
12431;692677;3602;El Amien I;lopend;020-6199970;Osdorp Schooltuin;6;Groep 6A Karima  El Hajjioui;0;day a weeksch: ;Voorkeuren zijn willekeurig ingevuld. Deze ontvang ik graag nog per mail. Gr Meta;;4;maandag, 10.45 - 12.15;dinsdag, 10.45 - 12.15;woensdag, 10.45 - 12.15;;;Osdorp Schooltuin
12431;692678;3602;El Amien I;lopend;020-6199970;Osdorp Schooltuin;7;Groep 7A Ismail  Bouhnouf;27;day a weeksch: ;Voorkeuren zijn willekeurig ingevuld. Deze ontvang ik graag nog per mail. Gr Meta;;4;dinsdag, 10.45 - 12.15;woensdag, 10.45 - 12.15;donderdag, 10.45 - 12.15;;;Osdorp Schooltuin
12431;692679;3602;El Amien I;lopend;020-6199970;Osdorp Schooltuin;7;Groep 7B Nimet  Bozaci;27;day a weeksch: ;Voorkeuren zijn willekeurig ingevuld. Deze ontvang ik graag nog per mail. Gr Meta;;4;maandag, 10.45 - 12.15;dinsdag, 10.45 - 12.15;woensdag, 10.45 - 12.15;;;Osdorp Schooltuin
12431;692609;4037;El Amien II (BS);lopend;(020) 4889 409;Ridderbos Schooltuin;6;Groep 6 A Khadija el Amriti;22;day a weeksch: nee; Continurooster tot: 15.00 op vrijdag 12.00;;2;dinsdag, 13.30 - 15.00;donderdag, 13.30 - 15.00;vrijdag, 10.45 - 12.15;maandag, 09.00 - 10.30;dinsdag, 09.00 - 10.30;Ridderbos Schooltuin
12431;692612;4037;El Amien II (BS);lopend;(020) 4889 409;Ridderbos Schooltuin;6;Groep 6B sefa  celen;23;day a weeksch: nee;;;2;donderdag, 13.30 - 15.00;maandag, 13.30 - 15.00;vrijdag, 09.00 - 10.30;woensdag, 09.00 - 10.30;vrijdag, 10.45 - 12.15;Ridderbos Schooltuin
12431;692513;6496;Europaschool;bus;573 08 00;Aemstel Schooltuin;6;Groep 6A Joep  van Rheenen;22;day a weeksch: ;;;2;vrijdag, 09.00 - 10.30;vrijdag, 10.45 - 12.15;dinsdag, 09.00 - 10.30;dinsdag, 10.45 - 12.15;;Aemstel Schooltuin
12431;692511;6496;Europaschool;bus;573 08 00;Aemstel Schooltuin;1;6B Jennifer  Ho;23;day a weeksch: ;;;2;vrijdag, 09.00 - 10.30;vrijdag, 10.45 - 12.15;dinsdag, 09.00 - 10.30;dinsdag, 10.45 - 12.15;;Aemstel Schooltuin
12431;692582;6398;Flevoparkschool (Hoofd);bus;694 25 91;Kalff Schooltuin;6;Groep 6A Ria van Dorpel;21;day a weeksch: nee;;;2;vrijdag, 09.00 - 10.30;vrijdag, 10.45 - 12.15;vrijdag, 13.30 - 15.00;;;Kalff Schooltuin
12431;692583;6398;Flevoparkschool (Hoofd);bus;694 25 91;Kalff Schooltuin;6;Groep 6B Monique  Koestal;21;day a weeksch: nee;;;2;vrijdag, 09.00 - 10.30;vrijdag, 10.45 - 12.15;vrijdag, 13.30 - 15.00;;;Kalff Schooltuin
12431;690667;6402;Frankendael;lopend;4638100;Vink Schooltuin;6;Groep 6 Marlou  Asser;20;day a weeksch: nee; Continurooster tot: 14:00 uur;;1;vrijdag, 09.00 - 10.30;donderdag, 09.00 - 10.30;woensdag, 09.00 - 10.30;donderdag, 10.45 - 12.15;vrijdag, 10.45 - 12.15;Vink Schooltuin
12431;692655;6497;Geert Groote School I;bus;020 ? 671 60 90;Aemstel Schooltuin;6;Klas 4 Miranda  Schouten;23;day a weeksch: nee;;;1;maandag, 10.45 - 12.15;maandag, 09.00 - 10.30;maandag, 13.30 - 15.00;dinsdag, 09.00 - 10.30;dinsdag, 10.45 - 12.15;Aemstel Schooltuin
12431;692510;6498;Geert Groote School II;bus;06-18887286;Aemstel Schooltuin;6;Groep 6 Camille  Melendez Rengifo;20;day a weeksch: nee;ma, di, do en vrijdag tot 14.45, op woensdag tot 13.00 Continurooster tot: 14.45;;1;dinsdag, 10.45 - 12.15;woensdag, 09.00 - 10.30;donderdag, 09.00 - 10.30;vrijdag, 09.00 - 10.30;;Aemstel Schooltuin
12431;692664;3624;Goeman Borgesiusschool;lopend;020-6131807;Nijkamp Schooltuin;6;Groep 6 Bob  Schulken;21;day a weeksch: Ja op de dinsdag; Continurooster tot: 14.00uur;;1;maandag, 10.45 - 12.15;maandag, 09.00 - 10.30;vrijdag, 09.00 - 10.30;vrijdag, 10.45 - 12.15;donderdag, 09.00 - 10.30;Nijkamp Schooltuin
12431;690672;3601;Het Bovenland;bus;020-4084686;Osdorp Schooltuin;6;Groep 6A Saskia  Scholle;20;day a weeksch: Ja, dag nog niet bekend;Als het kan graag gelijk met de andere groep Continurooster tot: 14:45 uur;;2;dinsdag, 10.45 - 12.15;dinsdag, 09.00 - 10.30;woensdag, 09.00 - 10.30;woensdag, 10.45 - 12.15;maandag, 10.45 - 12.15;Osdorp Schooltuin
12431;690673;3601;Het Bovenland;bus;020-4084686;Osdorp Schooltuin;6;Groep 6B Saskia  Broekhuizen;20;day a weeksch: Ja, dag nog niet bekend;Graag met de andere groep 6;;2;dinsdag, 10.45 - 12.15;dinsdag, 09.00 - 10.30;woensdag, 10.45 - 12.15;woensdag, 09.00 - 10.30;maandag, 10.45 - 12.15;Osdorp Schooltuin
12431;690642;3674;Het Gein;lopend;020-6974522;Gaasperdam Schooltuin;16;Groep 6B Alwin  Aarts;26;day a weeksch: Dinsdag en donderdag;Verzoek om de vrijdagmiddag in te plannen. Op dit tijdstip zitten wij al jaren en daar zijn wij heel blij mee. Andere dagen vormen een probleem met de gym, muziek en bevo tijden Continurooster tot: 14:00;;2;vrijdag, 13.30 - 15.00;vrijdag, 09.00 - 10.30;vrijdag, 10.45 - 12.15;;;Gaasperdam Schooltuin
12431;692528;3674;Het Gein;lopend;020-6974522;Gaasperdam Schooltuin;6;Groep 6A Kim  Henraat;23;day a weeksch: day a weeksch: Dinsdag en donderdag;Verzoek om de les weer van 12:15 tot 13:45 te plannen. Hier zitten wij al jaren, en daar zijn wij heel blij mee. Andere dagen en tijdstippen vormen een probleem met de gym, bevo en muziektijden. Continurooster tot: 14:00;;2;vrijdag, 13.30 - 15.00;vrijdag, 09.00 - 10.30;vrijdag, 10.45 - 12.15;;;Gaasperdam Schooltuin
12431;690650;6499;Hildebrand-van Loonschool;bus;676 06 25;Kalff Schooltuin;6;Groep 6 Judith  Rink-van Vriesland;28;day a weeksch: nee;;;1;vrijdag, 13.30 - 15.00;donderdag, 13.30 - 15.00;donderdag, 10.45 - 12.15;vrijdag, 10.45 - 12.15;woensdag, 10.45 - 12.15;Kalff Schooltuin
12431;692509;3631;Huibersschool;lopend;020-6152697;Toorop Schooltuin;6;Groep 6 Hasnaa  Malouk;19;day a weeksch: dinsdag en donderdag;schooltijden zijn van 08.45-14.45 uur en vrijdag 08.45-12.15 uur Continurooster tot: 14.45;;1;woensdag, 10.45 - 12.15;dinsdag, 10.45 - 12.15;donderdag, 10.45 - 12.15;;;Toorop Schooltuin
12431;692518;3637;Huizingaschool;lopend;020-6152523;Toorop Schooltuin;6;Groep 6 Derya  Sahin;24;day a weeksch: nee;Donderdagen zijn niet mogelijk, het liefst op de vrijdag Continurooster tot: ma, di, do, vr 14:30 en wo 12:15;;1;vrijdag, 10.45 - 12.15;vrijdag, 09.00 - 10.30;woensdag, 09.00 - 10.30;donderdag, 09.00 - 10.30;donderdag, 10.45 - 12.15;Toorop Schooltuin
12431;690651;2636;IBS De Kameleon;lopend;020-2170720;Broekhuijsen-Leewis Schooltuin;6;Groep 6B Saliha  Boutchicha;25;day a weeksch: ;;;1;woensdag, 10.45 - 12.15;maandag, 13.30 - 15.00;dinsdag, 13.30 - 15.00;donderdag, 13.30 - 15.00;vrijdag, 10.45 - 12.15;Broekhuijsen-Leewis Schooltuin
12431;692663;17462;IBS De Vijgenboom;lopend;020-2117486;Vink Schooltuin;6;Groep 6 Toufika  Belhadj;24;day a weeksch: nee; Continurooster tot: 15.00;;1;dinsdag, 09.00 - 10.30;maandag, 09.00 - 10.30;vrijdag, 09.00 - 10.30;dinsdag, 10.45 - 12.15;maandag, 10.45 - 12.15;Vink Schooltuin
12431;692525;17420;IBS Elif (locatie Noord);bus;020-3038318;Schaap Schooltuin;6;Groep 6 Suheda  Durmaz;25;day a weeksch: ja , dit wordt in het nieuwe schooljaar opgestart.;;;1;donderdag, 13.30 - 15.00;woensdag, 10.45 - 12.15;woensdag, 09.00 - 10.30;vrijdag, 09.00 - 10.30;vrijdag, 10.45 - 12.15;Schaap Schooltuin
12431;690730;9681;IBS Elif (locatie Zuid);bus;020-3620889;Kalff Schooltuin;6;Groep 6 Seda  Ozturk;25;day a weeksch: Ja - dag nog niet bekend; Continurooster tot: Maandag, dinsdag en donderdag 15.00 Woensdag tot 13.00 en vrijdag tot 12.00;;1;dinsdag, 10.45 - 12.15;donderdag, 10.45 - 12.15;maandag, 10.45 - 12.15;dinsdag, 09.00 - 10.30;donderdag, 09.00 - 10.30;Kalff Schooltuin
12431;675829;2601;IbsAl Yaqoet (Noord);lopend;616 8923 / 637 1376;Broekhuijsen-Leewis Schooltuin;6;Groep 6a Magda  Onbekend;25;day a weeksch: de gymzaal mgr. beckerschool we huren de gymzaal van; Continurooster tot: ja tot 15.00 uur behalve op vrijdag;;2;woensdag, 09.00 - 10.30;woensdag, 10.45 - 12.15;maandag, 09.00 - 10.30;dinsdag, 09.00 - 10.30;woensdag, 09.00 - 10.30;Broekhuijsen-Leewis Schooltuin
12431;675828;2601;IbsAl Yaqoet (Noord);lopend;616 8923 / 637 1376;Broekhuijsen-Leewis Schooltuin;6;Groep 6/7 Bilal  Assouali;22;day a weeksch: de gymzaal mgr. beckerschool we huren de gymzaal van;wij gymen op de mgr bekker dus kunnen alleen op de woensdag komen naar schooltuinen Continurooster tot: ja tot 15.00 uur behalve op vrijdag;;2;maandag, 09.00 - 10.30;woensdag, 09.00 - 10.30;woensdag, 10.45 - 12.15;maandag, 10.45 - 12.15;dinsdag, 09.00 - 10.30;Broekhuijsen-Leewis Schooltuin
12431;690790;3605;Ichthus;bus;020-6191243;Osdorp Schooltuin;6;Groep 6B Linda  Coomans;25;day a weeksch: nee;gezien alle externe uitjes en lesrooster kunnen wij alleen op de vrijdag tussen 09:00-11:00 samen met groep 6A Continurooster tot: 14:15;;2;vrijdag, 09.00 - 10.30;vrijdag, 10.45 - 12.15;vrijdag, 13.30 - 15.00;;;Osdorp Schooltuin
12431;692483;3605;Ichthus;bus;020-6191243;Osdorp Schooltuin;6;Groep 6A Deborah  Goland;25;day a weeksch: day a weeksch: nee;Door allerlei externe uitjes is er maar 1 geschikt tijdstip 09:00- 11:00, andere tijden zijn niet mogelijk Continurooster tot: 14:15;;2;vrijdag, 09.00 - 10.30;vrijdag, 10.45 - 12.15;vrijdag, 13.30 - 15.00;;;Osdorp Schooltuin
12431;690654;2635;IJsbreker;lopend;020-6369643;Schaap Schooltuin;6;Groep 6A Nikki  Both;25;day a weeksch: Ja, op donderdag; Continurooster tot: ma, di en do tot 14:45, wo en vrij tot 12:30;;3;woensdag, 10.45 - 12.15;vrijdag, 10.45 - 12.15;woensdag, 09.00 - 10.30;vrijdag, 09.00 - 10.30;donderdag, 09.00 - 10.30;Schaap Schooltuin
12431;692537;2635;IJsbreker;lopend;020-6369643;Schaap Schooltuin;6;Groep 6B Lisa  Rem;26;day a weeksch: day a weeksch: Ja, op donderdag;Continurooster tot: ma, di en do tot 14:45, wo en vrij tot 12:30;;3;woensdag, 10.45 - 12.15;vrijdag, 10.45 - 12.15;woensdag, 09.00 - 10.30;vrijdag, 09.00 - 10.30;donderdag, 09.00 - 10.30;Schaap Schooltuin
12431;690656;2635;IJsbreker;lopend;020-6369643;Schaap Schooltuin;6;Groep 6C Sanne  Krijvenaar;25;day a weeksch: Ja, op donderdag; Continurooster tot: ma, di en do tot 14:45, wo en vrij tot 12:30;;3;woensdag, 10.45 - 12.15;vrijdag, 10.45 - 12.15;woensdag, 09.00 - 10.30;vrijdag, 09.00 - 10.30;donderdag, 09.00 - 10.30;Schaap Schooltuin
12431;692524;4035;IKC De Boomgaard;lopend;(020) 6822 270;Ridderbos Schooltuin;6;Groep 6B Dewi  Damwijk;23;day a weeksch: day a weeksch: nog niet bekend;;;2;dinsdag, 10.45 - 12.15;donderdag, 10.45 - 12.15;donderdag, 13.30 - 15.00;dinsdag, 13.30 - 15.00;vrijdag, 10.45 - 12.15;Ridderbos Schooltuin
12431;692523;4035;IKC De Boomgaard;lopend;(020) 6822 270;Ridderbos Schooltuin;6;Groep 6A Sercil  Awnet;22;day a weeksch: day a weeksch: nog niet bekend;;;2;dinsdag, 10.45 - 12.15;donderdag, 10.45 - 12.15;donderdag, 13.30 - 15.00;dinsdag, 13.30 - 15.00;vrijdag, 10.45 - 12.15;Ridderbos Schooltuin
12431;690671;3675;IKC De Brink;lopend;020-6972685;Gaasperdam Schooltuin;6;Groep 6B Daniek van Aar;11;day a weeksch: day a weeksch: ja;als het kan willen wij  graag de begintijd aangepast naar 13.00 uur Continurooster tot: 14.30 uur Continurooster tot: 14.30 uur;;2;dinsdag, 13.30 - 15.00;donderdag, 13.30 - 15.00;woensdag, 10.45 - 12.15;;;Gaasperdam Schooltuin
12431;690674;3675;IKC De Brink;lopend;020-6972685;Gaasperdam Schooltuin;6;Groep 6 Asmani  Hogchem;22;day a weeksch: day a weeksch: ja;als het kan willen wij  graag de begintijd aangepast naar 13.00 uur Continurooster tot: 14.30 uur. dit is groep 6A;;2;dinsdag, 13.30 - 15.00;donderdag, 13.30 - 15.00;woensdag, 10.45 - 12.15;;;Gaasperdam Schooltuin
12431;692490;6350;IKC De Kleine Reus;bus;020 320 77 35;Schaap Schooltuin;6;Groep 6 Lot van der Lee;26;day a weeksch: day a weeksch: Nee;;;2;dinsdag, 13.30 - 15.00;donderdag, 13.30 - 15.00;maandag, 13.30 - 15.00;vrijdag, 10.45 - 12.15;donderdag, 10.45 - 12.15;Schaap Schooltuin
12431;692492;6350;IKC De Kleine Reus;bus;020 320 77 35;Schaap Schooltuin;6;Groep 6B Mariska van Boheemen;24;day a weeksch: day a weeksch: Nee;;;2;dinsdag, 13.30 - 15.00;donderdag, 13.30 - 15.00;maandag, 13.30 - 15.00;vrijdag, 10.45 - 12.15;donderdag, 10.45 - 12.15;Schaap Schooltuin
12431;692549;2600;IKC De Vijf Sterren;lopend;020-6367624;Broekhuijsen-Leewis Schooltuin;6;Groepen 6b Jamie  Reuser;23;day a weeksch: day a weeksch: nee;Continurooster tot: 14:15;;2;dinsdag, 09.00 - 10.30;woensdag, 09.00 - 10.30;dinsdag, 10.45 - 12.15;woensdag, 10.45 - 12.15;donderdag, 09.00 - 10.30;Broekhuijsen-Leewis Schooltuin
12431;692550;2600;IKC De Vijf Sterren;lopend;020-6367624;Broekhuijsen-Leewis Schooltuin;6;Groep 6 Robbert  Buurlage;23;day a weeksch: day a weeksch: nee;Continurooster tot: 14:15;;2;dinsdag, 09.00 - 10.30;woensdag, 09.00 - 10.30;dinsdag, 10.45 - 12.15;woensdag, 10.45 - 12.15;donderdag, 09.00 - 10.30;Broekhuijsen-Leewis Schooltuin
12431;692602;3607;IKC Het Talent;lopend;020-6190094;Osdorp Schooltuin;6;Groep 6a Tiny  Dulmus;17;day a weeksch: day a weeksch:;;;2;dinsdag, 09.00 - 10.30;maandag, 09.00 - 10.30;vrijdag, 09.00 - 10.30;;;Osdorp Schooltuin
12431;692603;3607;IKC Het Talent;lopend;020-6190094;Osdorp Schooltuin;6;Groep 6 Zeynep  Ergun;17;day a weeksch: ;;;2;dinsdag, 09.00 - 10.30;maandag, 09.00 - 10.30;vrijdag, 09.00 - 10.30;;;Osdorp Schooltuin
12431;690800;2605;IKC Noordrijk;fiets;020-3372192;Schaap Schooltuin;6;groep 6A Peter   Prins;19;day a weeksch: nee;Wij hebben al meerdere jaren in de ochtend schooltuinen. De vraag is of het komend jaar een keer in de middag kan.Parallel inroosteren kan met 2 groepen (er worden 3 groepen ingeschreven). Continurooster tot: 14:30;;3;donderdag, 13.30 - 15.00;donderdag, 10.45 - 12.15;vrijdag, 10.45 - 12.15;vrijdag, 13.30 - 15.00;;Schaap Schooltuin
12431;690801;2605;IKC Noordrijk;fiets;020-3372192;Schaap Schooltuin;6;groep 6B Natasha  Monsato;20;day a weeksch: nee;Wij hebben al meerdere jaren in de ochtend schooltuinen. De vraag is of het komend jaar een keer in de middag kan.Parallel inroosteren kan met 2 groepen (er worden 3 groepen ingeschreven). Continurooster tot: 14:30;;3;donderdag, 10.45 - 12.15;donderdag, 13.30 - 15.00;donderdag, 09.00 - 10.30;vrijdag, 10.45 - 12.15;;Schaap Schooltuin
12431;690802;2605;IKC Noordrijk;fiets;020-3372192;Schaap Schooltuin;1;groep 6C Niki  Oladosu;21;day a weeksch: nee;Wij hebben al meerdere jaren in de ochtend schooltuinen. De vraag is of het komend jaar een keer in de middag kan.Parallel inroosteren kan met 2 groepen (er worden 3 groepen ingeschreven). Continurooster tot: 14:30;;3;donderdag, 10.45 - 12.15;donderdag, 13.30 - 15.00;vrijdag, 10.45 - 12.15;vrijdag, 13.30 - 15.00;;Schaap Schooltuin
12431;692461;2624;IKC Tuindorp;bus;020-4930431;Schaap Schooltuin;6;Groep 6a Tineke  Daatselaar;19;day a weeksch: Nee; Continurooster tot: 14.15;;2;donderdag, 13.30 - 15.00;vrijdag, 13.30 - 15.00;maandag, 13.30 - 15.00;;;Schaap Schooltuin
12431;692462;2624;IKC Tuindorp;bus;020-4930431;Schaap Schooltuin;6;Groep 6B Elise van Rossum;22;day a weeksch: Nee; Continurooster tot: 14.15;;2;donderdag, 13.30 - 15.00;vrijdag, 13.30 - 15.00;maandag, 13.30 - 15.00;;;Schaap Schooltuin
12431;692646;3620;Immanuelschool;lopend;020-6131883;Nijkamp Schooltuin;6;Groep 6 Juf Urmy  Huisraad;17;day a weeksch: nee; Continurooster tot: 14:00;;1;maandag, 09.00 - 10.30;woensdag, 09.00 - 10.30;vrijdag, 09.00 - 10.30;;;Nijkamp Schooltuin
12431;690725;3613;Jenaplanschool Atlantis;bus;020-6670001;Nijkamp Schooltuin;6;Groep 6 Paul de Kort;15;day a weeksch: nee; Continurooster tot: 14.15;;1;woensdag, 09.00 - 10.30;woensdag, 10.45 - 12.15;dinsdag, 09.00 - 10.30;;;Osdorp Schooltuin
12431;690694;3606;Johannesschool;bus;020-6190466;Osdorp Schooltuin;6;Groep 6A milou  koeiman;26;day a weeksch: nee; Continurooster tot: 14:15;;1;maandag, 09.00 - 10.30;woensdag, 09.00 - 10.30;vrijdag, 09.00 - 10.30;;;Osdorp Schooltuin
12431;692474;4013;Joop & Willy Westerweel;lopend;(020) 6125 539;Blijdestijn Schooltuin;6;Groep 6A Arvid  Slotman;21;day a weeksch:;Continurooster tot: 14:00 uur;;2;woensdag, 09.00 - 10.30;donderdag, 09.00 - 10.30;maandag, 10.45 - 12.15;woensdag, 10.45 - 12.15;donderdag, 10.45 - 12.15;Blijdestijn Schooltuin
12431;692505;4013;Joop & Willy Westerweel;lopend;(020) 6125 539;Blijdestijn Schooltuin;6;6B Samira  Ettayebi;18;day a weeksch: day a weeksch: ja, op maandag;Continurooster tot: 14:00 uur;;2;donderdag, 09.00 - 10.30;donderdag, 10.45 - 12.15;woensdag, 10.45 - 12.15;dinsdag, 10.45 - 12.15;woensdag, 09.00 - 10.30;Blijdestijn Schooltuin
12431;692475;6390;KBS  De Archipel;bus;020-3140280;Gaasperdam Schooltuin;6;Groep 6 Karin  Selij;24;day a weeksch: day a weeksch: dinsdag;Continurooster tot: 14.30;;2;donderdag, 09.00 - 10.30;donderdag, 10.45 - 12.15;maandag, 10.45 - 12.15;woensdag, 09.00 - 10.30;maandag, 09.00 - 10.30;Gaasperdam Schooltuin
12431;690709;6390;KBS  De Archipel;bus;020-3140280;Gaasperdam Schooltuin;6;groep 6b Antoinette  Tuin;24;day a weeksch: dinsdag; Continurooster tot: 14.30;;2;dinsdag, 09.00 - 10.30;dinsdag, 10.45 - 12.15;maandag, 09.00 - 10.30;;;Gaasperdam Schooltuin
12431;690658;17383;KC De Baanbreker;lopend;020-2400685;Schaap Schooltuin;6;Groep 6/7 Sietske  Hendriks;13;day a weeksch: day a weeksch: Nee;Continurooster tot: 15:00;;1;maandag, 13.30 - 15.00;dinsdag, 13.30 - 15.00;donderdag, 10.45 - 12.15;maandag, 09.00 - 10.30;dinsdag, 10.45 - 12.15;Schaap Schooltuin
12431;690805;4015;KC De Kinkerbuurt;lopend;(020) 6120 177;Blijdestijn Schooltuin;6;Groep 6B Moniek  Donkers;26;day a weeksch: Nee;;;2;donderdag, 09.00 - 10.30;vrijdag, 09.00 - 10.30;maandag, 09.00 - 10.30;;;Blijdestijn Schooltuin
12431;692544;4015;KC De Kinkerbuurt;lopend;(020) 6120 177;Blijdestijn Schooltuin;6;Groep 6A Annelot  Hund;25;day a weeksch: day a weeksch: Nee;We hebben één leerling in de klas met dwerggroei, maar verwachten niet dat hun beperking het meedoen aan de schooltuinlessen belemmert.;;2;donderdag, 09.00 - 10.30;vrijdag, 09.00 - 10.30;maandag, 09.00 - 10.30;;;Blijdestijn Schooltuin
12431;692608;2602;Kindcentrum Bekkers;lopend;020-6365923;Broekhuijsen-Leewis Schooltuin;6;Groep 6  Tuba  Durmus;25;day a weeksch: ja op donderdag;Op woensdag is de eindtijd 12:30 Continurooster tot: 14:30;;1;woensdag, 10.45 - 12.15;donderdag, 13.30 - 15.00;vrijdag, 13.30 - 15.00;;;Broekhuijsen-Leewis Schooltuin
12431;692564;4033;Kindcentrum De Vindplaats;bus;(020) 612 2266;Roos Schooltuin;6;Groep 6 Charlotte  Hagenaars;26;day a weeksch: nee;"L.S. 
Onze schooldag eindigt om 14:45 uur. Om jullie geweldige schooltuinlessen weer binnen ons rooster te laten passen en binnen onze schooltijden hopen we dat we weer naar de schooltuinlessen mogen komen op donderdagmiddag van 13:00 tot 14:30 uur in het Westerpark(De Roos). 

Met vriendelijke groet, Monique Huguenin

(PS; Ik heb meerder voorkeursmomenten opgegeven, omdat dit moet van het inschrijfsysteem, maar de uren buiten de donderdagmiddag kan onze groep 6 feitelijk niet)";;1;donderdag, 13.30 - 15.00;donderdag, 09.00 - 10.30;donderdag, 10.45 - 12.15;;;Roos Schooltuin
12431;690693;17305;Kindercampus Mokum;lopend;020 225 00 34;Schaap Schooltuin;6;5A en 5B Anita  Cruijff;12;day a weeksch: day a weeksch: nee;Graag dag wijzigen van maandag naar dinsdag gelijk start schooljaar 2024 2025 Continurooster tot: 14.00 uur;;1;dinsdag, 09.00 - 10.30;dinsdag, 10.45 - 12.15;maandag, 09.00 - 10.30;;;Broekhuijsen-Leewis Schooltuin
12431;690616;6505;Kindercampus Zuidas;bus;207230788;Aemstel Schooltuin;6;Groeps 6B Ahmet  Celikay;26;day a weeksch: nee;;;2;dinsdag, 09.00 - 10.30;dinsdag, 10.45 - 12.15;vrijdag, 09.00 - 10.30;vrijdag, 10.45 - 12.15;woensdag, 09.00 - 10.30;Aemstel Schooltuin
12431;690615;6505;Kindercampus Zuidas;bus;207230788;Aemstel Schooltuin;6;Groeps 6A Chantal  Noppert;24;day a weeksch: nee; Continurooster tot: 14.15 uur;;2;dinsdag, 09.00 - 10.30;dinsdag, 10.45 - 12.15;vrijdag, 09.00 - 10.30;vrijdag, 10.45 - 12.15;woensdag, 09.00 - 10.30;Aemstel Schooltuin
12431;692571;8463;Klein Amsterdam;lopend;020 242 0400;Schaap Schooltuin;6;Groep 6 Geertje van den Berg;21;day a weeksch: nee;De derde optie (di 1330-1500) is alleen een optie als de eindtijd om 1415 is, zodat de kinderen om 1430 weer op school kunnen zijn. (Deze tijd hebben wij nu ook met klas die nu aan het afronden is). Continurooster tot: 1430;;1;dinsdag, 10.45 - 12.15;dinsdag, 09.00 - 10.30;dinsdag, 13.30 - 15.00;woensdag, 10.45 - 12.15;;Schaap Schooltuin
12431;692632;4020;Leonardo da Vinci;bus;(020) 6127 267;Blijdestijn Schooltuin;6;Groep 6 Merle de Heer;17;day a weeksch: nee;Mijn duo en ik werken om de week op de vrijdag. Voor ons zou het hierom zijn dat het ontzettend fijn is de schooltuinlessen te 'delen'. Ivm muziekles en gymles op de vrijdag zou het ontzettend fijn zijn als wij direct in de ochtend de lessen kunnen volgen. Graag horen we of dit mogelijk is!;;1;vrijdag, 09.00 - 10.30;woensdag, 09.00 - 10.30;vrijdag, 13.30 - 15.00;;;Blijdestijn Schooltuin
12431;692515;6410;Lidwinaschool;lopend;020 665 07 69;Vink Schooltuin;6;Groep 6B Stephanie  Ceha;31;day a weeksch: nee;Mag paralel maar hoeft niet;;2;dinsdag, 13.30 - 15.00;donderdag, 13.30 - 15.00;donderdag, 09.00 - 10.30;;;Vink Schooltuin
12431;692514;6410;Lidwinaschool;lopend;020 665 07 69;Vink Schooltuin;6;Groep 6A Soenita  Dalloesingh;32;day a weeksch: nee;Paralel op dinsdag en donderdg, mag wel maar hoeft niet;;2;maandag, 13.30 - 15.00;dinsdag, 13.30 - 15.00;donderdag, 13.30 - 15.00;;;Vink Schooltuin
12431;692568;3638;Louis Bouwmeesterschool;lopend;020-6150381;Toorop Schooltuin;6;Groep 6 Carla  Langenhorst;28;day a weeksch: ja dinsdag; Continurooster tot: 14.15;;1;maandag, 09.00 - 10.30;donderdag, 09.00 - 10.30;vrijdag, 09.00 - 10.30;;;Toorop Schooltuin
12431;690776;8261;Lycee francais V. van Gogh;bus;020 644 65 07;Aemstel Schooltuin;6;Groep 6 Aude  Dauret;22;day a weeksch: ;;;1;donderdag, 13.30 - 15.00;woensdag, 09.00 - 10.30;vrijdag, 09.00 - 10.30;;;Gaasperdam Schooltuin
12431;690758;6503;Merkelbachschool;bus;020642 88 45;Aemstel Schooltuin;6;Groep 6 Jeremy  Gijsman;26;day a weeksch: nee; Continurooster tot: 14:15;;1;dinsdag, 09.00 - 10.30;woensdag, 09.00 - 10.30;donderdag, 09.00 - 10.30;vrijdag, 09.00 - 10.30;maandag, 09.00 - 10.30;Aemstel Schooltuin
12431;690669;2619;MK Oostzaanerwerf;bus;020-6311560;Schaap Schooltuin;6;Bovenbouw A Saborah  Willems;24;day a weeksch: nee;wij hebben gemixte groepen het gaat in totaal om 12 leerlingen Continurooster tot: 8.15-14.00;;1;dinsdag, 09.00 - 10.30;dinsdag, 10.45 - 12.15;maandag, 09.00 - 10.30;;;Schaap Schooltuin
12431;690771;2638;Mont Azalea;lopend;206341726;Schaap Schooltuin;6;Groep 6 Nathalie  Schaefer;23;day a weeksch: nee;;;3;maandag, 09.00 - 10.30;maandag, 13.30 - 15.00;dinsdag, 09.00 - 10.30;dinsdag, 13.30 - 15.00;;Schaap Schooltuin
12431;690772;2638;Mont Azalea;lopend;206341726;Schaap Schooltuin;6;Groep 6 Nathalie  Schaefer;23;day a weeksch: nee;;;23;maandag, 09.00 - 10.30;maandag, 13.30 - 15.00;dinsdag, 09.00 - 10.30;dinsdag, 13.30 - 15.00;;Schaap Schooltuin
12431;690773;2638;Mont Azalea;lopend;206341726;Schaap Schooltuin;6;Groep 6 Nathalie  Schaefer;23;day a weeksch: nee;;;23;maandag, 09.00 - 10.30;maandag, 13.30 - 15.00;dinsdag, 09.00 - 10.30;dinsdag, 13.30 - 15.00;;Schaap Schooltuin
12431;692546;2608;Mont Boven ´t IJ Kampina;lopend;020 637 11 94;Broekhuijsen-Leewis Schooltuin;5;TB2 Remco  Buijn;17;day a weeksch: nee;;;2;donderdag, 13.30 - 15.00;woensdag, 10.45 - 12.15;dinsdag, 13.30 - 15.00;;;Broekhuijsen-Leewis Schooltuin
12431;692545;2608;Mont Boven ´t IJ Kampina;lopend;020 637 11 94;Broekhuijsen-Leewis Schooltuin;5;TB1 Jolanda  Timmermans;18;day a weeksch: nee;;;2;donderdag, 13.30 - 15.00;woensdag, 10.45 - 12.15;dinsdag, 13.30 - 15.00;;;Broekhuijsen-Leewis Schooltuin
12431;692661;6389;Mont de Amstel;lopend;370 67 05;Kalff Schooltuin;6;Groep 6 Saskia  Struijk;20;day a weeksch: nee;graag starten om 8:30 Continurooster tot: 14.15;;1;dinsdag, 09.00 - 10.30;vrijdag, 09.00 - 10.30;donderdag, 09.00 - 10.30;maandag, 09.00 - 10.30;;Kalff Schooltuin
12431;692662;6389;Mont de Amstel;lopend;370 67 05;Kalff Schooltuin;6;Groep 6 Saskia  Struijk;19;day a weeksch: nee;graag tegelijk met onze andere groep Continurooster tot: 14.15;;1;dinsdag, 09.00 - 10.30;vrijdag, 09.00 - 10.30;maandag, 09.00 - 10.30;;;Kalff Schooltuin
12431;692647;6348;Mont De Eilanden;lopend;620 96 08;Roos Schooltuin;6;Bovenbouw groep 6 Janna  Koops;23;day a weeksch: nee;We hebben een hele sterke voorkeur voor maandagmiddag op De Roos. De lln komen uit 3 verschillende klassen en we moeten dus ook rekening houden met de gymtijden met hun eigen klas. We gaan liever niet met de bus naar een tuin-ver weg. We moeten nl erg ver lopen naar de opstapplaats (ca 15 minuten) en die is aan een heel drukke weg, best eng met zo\\\'n groep kinderen. Kortom: we hopen heel erg op de maandagmiddag op De Roos. Continurooster tot: 15: 15 uur;;1;maandag, 13.30 - 15.00;woensdag, 09.00 - 10.30;vrijdag, 09.00 - 10.30;maandag, 13.30 - 15.00;woensdag, 10.45 - 12.15;Roos Schooltuin
12431;692507;4030;Multatulischool;lopend;(020) 6841 740;Ridderbos Schooltuin;6;Groep 6 Yassmina el morabit;25;day a weeksch: nee;Graag een kwartier inkorten i.v.m pauze en schooltijd tot en met 14:45 uur. Continurooster tot: 14:45;;1;donderdag, 09.00 - 10.30;donderdag, 10.45 - 12.15;donderdag, 13.30 - 15.00;;;Ridderbos Schooltuin
12431;692671;3670;Nellestein;lopend;020-6964563;Gaasperdam Schooltuin;6;Groep 6 Amber de Wildt;28;day a weeksch: nee;Goedemorgen, Wij kunnen alleen op woensdagmiddag van 13:00-14:30 uur. Ik moet 3 keuzes invullen, maar wij kunnen dus echt alleen op woensdagmiddag. Hopelijk is deze plek nog vrij voor ons! Continurooster tot: 14:30;;1;woensdag, 10.45 - 12.15;donderdag, 13.30 - 15.00;vrijdag, 13.30 - 15.00;;;Gaasperdam Schooltuin
12431;690717;6502;Nicolaas Maesschool;bus;020 820 11 24;Gaasperdam Schooltuin;5;Groep 5 Martijn  Schoemaker;22;day a weeksch: ;"We komen met 2 klassen van ong. 22 kinderen.
Liefst niet meester Wim.";;2;maandag, 10.45 - 12.15;dinsdag, 10.45 - 12.15;donderdag, 10.45 - 12.15;;;Gaasperdam Schooltuin
12431;690718;6502;Nicolaas Maesschool;bus;020 820 11 24;Gaasperdam Schooltuin;5;Groep 5 Tessa  Hofstra;22;day a weeksch: ;Ik schrijf me in met nog een andere groep. Ook groep 5 van de Nicolaas Maesschool.;;2;maandag, 10.45 - 12.15;dinsdag, 10.45 - 12.15;donderdag, 10.45 - 12.15;;;Gaasperdam Schooltuin
12431;692512;4038;OBS Corantijn;lopend;(020) 6184430;Toorop Schooltuin;1;6 Irene  Blomberg;29;day a weeksch: nee;Continurooster tot: 14:15 woe op 12:30. Groep kan gesplits, maar dan wel zelfde lesmoment.;;1;woensdag, 10.45 - 12.15;donderdag, 10.45 - 12.15;maandag, 10.45 - 12.15;;;Toorop Schooltuin
12431;692465;6347;OBS De Burght;lopend;020 624 69 47;Roos Schooltuin;6;Groep 6 Lianne  Potuijt;26;day a weeksch: ja dinsdag;Op vrijdag optie 1 willen we de tijd graag aanpassen naar13:00 tot 14:30;;2;vrijdag, 13.30 - 15.00;vrijdag, 10.45 - 12.15;woensdag, 09.00 - 10.30;woensdag, 10.45 - 12.15;vrijdag, 09.00 - 10.30;Roos Schooltuin
12431;692466;6347;OBS De Burght;lopend;020 624 69 47;Roos Schooltuin;6;Groep 6A Miegiel  Loeffen;26;day a weeksch: ja dinsdag;optie 1 graag van 13:00 tot 14:30.optie 3 tot 12:25?;;2;vrijdag, 13.30 - 15.00;woensdag, 09.00 - 10.30;woensdag, 10.45 - 12.15;vrijdag, 09.00 - 10.30;vrijdag, 10.45 - 12.15;Roos Schooltuin
12431;692672;18925;OBS De Jaargetijden;fiets;0294 450190;;6;6/7b   Arnoldus;18;;Een andere dag dan woensdag is heel lastig in verband met gymlessen, muziekles door externe en HVO (humanistisch vorminend onderwijs) door een externe. Dus als we het op de woensdag kunnen inplannen heeft dat absoluut de voorkeur.;;3;Woensdag 9:00-10:30 uur;woensdag 10:45-12:15;;;;Wagner Schooltuin
12431;692673;18925;OBS De Jaargetijden;fiets;0294 450190;;6;6/7a   Smits;20;;Een andere dag dan woensdag is heel lastig in verband met gymlessen, muziekles door externe en HVO (humanistisch vorminend onderwijs) door een externe. Dus als we het op de woensdag kunnen inplannen heeft dat absoluut de voorkeur.;;3;Woensdag 8:30-10:30 uur;Woensdag 10:45- 12:15 uur;;;;Wagner Schooltuin
12431;692674;18925;OBS De Jaargetijden;fiets;0294 450190;;6;6/7c   van der Meer;17;;Een andere dag dan woensdag is heel lastig in verband met gymlessen, muziekles door externe en HVO (humanistisch vorminend onderwijs) door een externe. Dus als we het op de woensdag kunnen inplannen heeft dat absoluut de voorkeur.;;3;woensdag 9:00-10:30;Woensdag 10:45-12:15;;;;Wagner Schooltuin
12431;690726;5397;OBS De Notenkraker;lopend;020-6178128;Toorop Schooltuin;6;Groep 6A Sara / Tim;26;day a weeksch: Verschillende dagen.;Vanwege kunstrooster voorkeur op woensdag.;;3;woensdag, 09.00 - 10.30;woensdag, 10.45 - 12.15;donderdag, 09.00 - 10.30;donderdag, 10.45 - 12.15;woensdag, 09.00 - 10.30;Toorop Schooltuin
12431;690727;5397;OBS De Notenkraker;lopend;020-6178128;Toorop Schooltuin;6;Groep 6B Marieke / Janneke;24;day a weeksch: Verschillende;I.v.m. kunstrooster voorkeur op woensdag.;;3;woensdag, 09.00 - 10.30;woensdag, 10.45 - 12.15;donderdag, 09.00 - 10.30;donderdag, 10.45 - 12.15;woensdag, 09.00 - 10.30;Toorop Schooltuin
12431;690728;5397;OBS De Notenkraker;lopend;020-6178128;Toorop Schooltuin;6;Groep 6C Jasmijn;24;day a weeksch: Verschillende dagen.;I.v.m. kunstrooster voorkeur op woensdag.;;3;woensdag, 09.00 - 10.30;woensdag, 10.45 - 12.15;donderdag, 09.00 - 10.30;donderdag, 10.45 - 12.15;woensdag, 09.00 - 10.30;Toorop Schooltuin
12431;690777;3677;OBS De Tamboerijn;lopend;020-4528156;Gaasperdam Schooltuin;6;Groep 6 Sanjena  Ramsaran;27;day a weeksch:;Continurooster tot: 14.15 is de eindtijd. Dit is groep 6a;;2;dinsdag, 09.00 - 10.30;donderdag, 09.00 - 10.30;vrijdag, 09.00 - 10.30;;;Gaasperdam Schooltuin
12431;690779;3677;OBS De Tamboerijn;lopend;020-4528156;Gaasperdam Schooltuin;16;Groep 6B Inez  Gemerts;25;day a weeksch: day a weeksch:;Continurooster tot: 14.15 eindtijd;;2;dinsdag, 09.00 - 10.30;donderdag, 09.00 - 10.30;vrijdag, 09.00 - 10.30;;;Gaasperdam Schooltuin
12431;692606;3641;OBS De Toekomst;lopend;020-6152400;Blijdestijn Schooltuin;6;Groep 6 Ezzahra, Ebru en Tobias;28;day a weeksch: nee; Continurooster tot: geen;;1;maandag, 09.00 - 10.30;maandag, 13.30 - 15.00;donderdag, 09.00 - 10.30;vrijdag, 09.00 - 10.30;vrijdag, 13.30 - 15.00;Blijdestijn Schooltuin
12431;690697;6356;OBS De Witte Olifant;bus;020624 50 00;Schaap Schooltuin;6;groep 6A Marvin  Leeninga;21;day a weeksch: nee;;;2;vrijdag, 09.00 - 10.30;woensdag, 09.00 - 10.30;vrijdag, 10.45 - 12.15;;;Schaap Schooltuin
12431;690698;6356;OBS De Witte Olifant;bus;020624 50 00;Schaap Schooltuin;6;groep 6B Remco van Wijngaarden;21;day a weeksch: nee;;;2;vrijdag, 09.00 - 10.30;woensdag, 09.00 - 10.30;vrijdag, 10.45 - 12.15;;;Schaap Schooltuin
12431;690731;4021;OBS Rosa Boekdrukker;lopend;(020) 6128 000;Blijdestijn Schooltuin;6;Groep 6 Rowin  Everaers;20;day a weeksch: nee;i.v.m. ons lesrooster kunnen de schooltuinlessen alléén op maandagmiddag of vrijdagmiddag. Dinsdagmiddag is géén optie maar is wel ingevuld omdat er 3 voorkeuren ingevuld moesten worden;;1;maandag, 13.30 - 15.00;vrijdag, 13.30 - 15.00;dinsdag, 13.30 - 15.00;;;Blijdestijn Schooltuin
12431;690755;2625;OBS Twiske;bus;020-6312540;Schaap Schooltuin;6;6A Kelly  Scheffer;28;day a weeksch: day a weeksch: day a weeksch: nee;Graag buitenlessen met de andere twee groepen 6 tegelijkertijd. Bij binnenlessen deze groep apart indien nodig Continurooster tot: 14.00 Continurooster tot: 14.00 Continurooster tot: 14:00;;3;vrijdag, 09.00 - 10.30;vrijdag, 10.45 - 12.15;donderdag, 09.00 - 10.30;;;Schaap Schooltuin
12431;690756;2625;OBS Twiske;bus;020-6312540;Schaap Schooltuin;6;6B Mireille  Leijting;28;day a weeksch: day a weeksch: nee;Deze groep graag samen met 6C bij de binnenlessen, alle groepen 6 graag gezamenlijk bij de buitenlessen. Continurooster tot: 14.00 Continurooster tot: 14.00;;3;vrijdag, 09.00 - 10.30;vrijdag, 10.45 - 12.15;donderdag, 09.00 - 10.30;;;Schaap Schooltuin
12431;690757;2625;OBS Twiske;bus;020-6312540;Schaap Schooltuin;6;6C Xena  Pelzer;28;day a weeksch: day a weeksch: nee;Deze groep graag samen met 6B bij binnenlessen, alle groepen indien mogelijk gezamenlijk bij de buitenlessen. Continurooster tot: 14.00 Continurooster tot: 14.00;;3;vrijdag, 09.00 - 10.30;vrijdag, 10.45 - 12.15;donderdag, 09.00 - 10.30;;;Schaap Schooltuin
12431;692565;6508;Olympiaschool;bus;020-471 22 65;Gaasperdam Schooltuin;6;Groep 6 Sandra  Eijssens;28;day a weeksch: nee;Voorkeur voor Gaasperdam schooltuinen;;1;maandag, 10.45 - 12.15;donderdag, 09.00 - 10.30;donderdag, 10.45 - 12.15;maandag, 09.00 - 10.30;;Gaasperdam Schooltuin
12431;690704;7025;Onze Amsterdamse school;lopend;020- 6829907;Roos Schooltuin;6;Groep 6 Patty  Roos;23;day a weeksch: nee;Wij hebben alle dagen continurooster, dus ook woensdag tot 14:15 uur. Continurooster tot: 14:15 uur;;1;donderdag, 10.45 - 12.15;woensdag, 10.45 - 12.15;vrijdag, 10.45 - 12.15;woensdag, 09.00 - 10.30;vrijdag, 09.00 - 10.30;Roos Schooltuin
12431;692530;3679;Onze Wereld;lopend;020-6907305;Gaasperdam Schooltuin;6;groep 6 Monique   Breinburg;25;day a weeksch: Nee;De leerlingen kunnen alleen de dinsdagen naar schooltuinen. IVM schoolrooster/activiteiten zoals gymen etc. De andere dagen kloppen niet maar moest het invullen om verder te gaan. Continurooster tot: 08.30 tm 14.15;;1;dinsdag, 10.45 - 12.15;dinsdag, 09.00 - 10.30;maandag, 10.45 - 12.15;maandag, 09.00 - 10.30;vrijdag, 09.00 - 10.30;Gaasperdam Schooltuin
12431;692579;6352;Oostelijke Eilanden (BOE);bus;639 10 45;Wagner Schooltuin;6;Groep 6a Brigitte  Stal;20;day a weeksch: nee;"Wij komen met de bus vanuit het centrum en staan vaak in de file omdat er veel verkeer op weg is tijdens de ochtendspits. Wij zijn bijna altijd te laat aanwezig op de  A Wagnertuin. Dat is kortere les en daarnaast is het ook niet fijn voor de betreffende begeleider van de schooltuin.
Daarom willen we indien mogelijk om 10:30, dan hebben we geen last van files. Helaas kunnen wij alleen op vrijdag en is het lastig voor ons om 3 tijden aan te geven. De derde tijd zou we kunnen maar dan moeten we eerder starten zodat we op tijd op school terug zijn. Onze voorkeur gaat uit naar de eerste aangegeven tijd van 10:30-12:00 vanwege het verkeer op de vrijdag in en rond Amsterdam. Mocht de eerste tijd niet kunnen, gaarne overleg.";;2;vrijdag, 10.45 - 12.15;vrijdag, 09.00 - 10.30;vrijdag, 13.30 - 15.00;;;Wagner Schooltuin
12431;692581;6352;Oostelijke Eilanden (BOE);bus;639 10 45;Wagner Schooltuin;6;Groep 6b Brigitte  Stal;20;day a weeksch: nee;"Wij komen met de bus vanuit het centrum en staan vaak in de file omdat er veel verkeer op weg is tijdens de ochtendspits. Wij zijn bijna altijd te laat aanwezig op de  A Wagnertuin. Dat is kortere les en daarnaast is het ook niet fijn voor de betreffende begeleider van de schooltuin.
Daarom willen we indien mogelijk om 10:30, dan hebben we geen last van files. Helaas kunnen wij alleen op vrijdag en is het lastig voor ons om 3 tijden aan te geven. De derde tijd zou we kunnen maar dan moeten we eerder starten zodat we op tijd op school terug zijn. Onze voorkeur gaat uit naar de eerste aangegeven tijd van 10:30-12:00 vanwege het verkeer op de vrijdag in en rond Amsterdam. Mocht de eerste tijd niet kunnen, gaarne overleg.";;2;vrijdag, 10.45 - 12.15;vrijdag, 09.00 - 10.30;vrijdag, 13.30 - 15.00;;;Wagner Schooltuin
12431;6925811;6352;Oostelijke Eilanden (BOE);bus;639 10 45;Wagner Schooltuin;6;Groep 6c Brigitte  Stal;20;day a weeksch: nee;"Wij komen met de bus vanuit het centrum en staan vaak in de file omdat er veel verkeer op weg is tijdens de ochtendspits. Wij zijn bijna altijd te laat aanwezig op de  A Wagnertuin. Dat is kortere les en daarnaast is het ook niet fijn voor de betreffende begeleider van de schooltuin.
Daarom willen we indien mogelijk om 10:30, dan hebben we geen last van files. Helaas kunnen wij alleen op vrijdag en is het lastig voor ons om 3 tijden aan te geven. De derde tijd zou we kunnen maar dan moeten we eerder starten zodat we op tijd op school terug zijn. Onze voorkeur gaat uit naar de eerste aangegeven tijd van 10:30-12:00 vanwege het verkeer op de vrijdag in en rond Amsterdam. Mocht de eerste tijd niet kunnen, gaarne overleg.";;2;vrijdag, 10.45 - 12.15;vrijdag, 09.00 - 10.30;vrijdag, 13.30 - 15.00;;;Wagner Schooltuin
12431;690608;2637;Overhoeks;lopend;020-6304770;Schaap Schooltuin;6;Groep 6A Melanie  Aardenburg;10;day a weeksch: nee; Continurooster tot: 14 uur;;2;vrijdag, 09.00 - 10.30;vrijdag, 10.45 - 12.15;woensdag, 09.00 - 10.30;;;Schaap Schooltuin
12431;690609;2637;Overhoeks;lopend;020-6304770;Schaap Schooltuin;6;Groep 6B Melanie  Aardenburg;27;day a weeksch: nee; Continurooster tot: 14 uur;;2;vrijdag, 09.00 - 10.30;vrijdag, 10.45 - 12.15;woensdag, 09.00 - 10.30;;;Schaap Schooltuin
12431;692536;6510;Peetersschool;bus;020 - 662 59 97;Kalff Schooltuin;6;Groep 6 Oscar  Hinze;26;day a weeksch: day a weeksch: ja in principe op donderdag maar nog niet duidelijk;;;1;woensdag, 10.45 - 12.15;dinsdag, 10.45 - 12.15;donderdag, 10.45 - 12.15;dinsdag, 09.00 - 10.30;vrijdag, 10.45 - 12.15;Kalff Schooltuin
12431;675818;2618;Pi-school Professor Waterink Noord;bus;020-6798627;Schaap Schooltuin;6;Groep 6 Natascha  Honingh;13;day a weeksch: nee; Continurooster tot: 14:00;;1;donderdag, 09.00 - 10.30;dinsdag, 09.00 - 10.30;vrijdag, 09.00 - 10.30;woensdag, 09.00 - 10.30;donderdag, 10.45 - 12.15;Schaap Schooltuin
12431;692454;3639;Pro Regeschool;lopend;020-6152736;Toorop Schooltuin;6;6B Conner  Fluijter;17;day a weeksch: Nee;;;3;donderdag, 13.30 - 15.00;woensdag, 09.00 - 10.30;dinsdag, 13.30 - 15.00;dinsdag, 09.00 - 10.30;vrijdag, 13.30 - 15.00;Toorop Schooltuin
12431;692453;3639;Pro Regeschool;lopend;020-6152736;Toorop Schooltuin;6;6A Niels de Boer;20;day a weeksch: Nee;;;3;dinsdag, 13.30 - 15.00;donderdag, 13.30 - 15.00;maandag, 13.30 - 15.00;donderdag, 09.00 - 10.30;dinsdag, 09.00 - 10.30;Toorop Schooltuin
12431;692455;3639;Pro Regeschool;lopend;020-6152736;Toorop Schooltuin;6;6C Anne  Demmers;20;day a weeksch: Nee;;;3;donderdag, 13.30 - 15.00;dinsdag, 13.30 - 15.00;maandag, 13.30 - 15.00;dinsdag, 09.00 - 10.30;donderdag, 09.00 - 10.30;Toorop Schooltuin
12431;692588;3626;SBO De Kans;lopend;020-6117680;Nijkamp Schooltuin;6;Groep SBO+ BB Pascal  Bakker;13;day a weeksch: ;SBO+BB is een bekende groep bij de schooltuinbegeleiders Continurooster tot: wo 12.30 uur / ma,di,do,vr 13.45 uur;;1;vrijdag, 09.00 - 10.30;vrijdag, 10.45 - 12.15;woensdag, 09.00 - 10.30;;;Nijkamp Schooltuin
12431;692652;3636;SBO Hasselbraam;lopend;020-4480622;Blijdestijn Schooltuin;6;Groep 4a Masja  Kentrop;16;day a weeksch: ;Instroom januari i.o.m Sanne Continurooster tot: 14.20;SO + 5;1;maandag, 10.45 - 12.15;woensdag, 10.45 - 12.15;dinsdag, 10.45 - 12.15;;;Blijdestijn Schooltuin
12431;692659;6430;SBO Het Spectrum, James Wattstr.;lopend;462 76 20;Vink Schooltuin;5;Blauw Isabel  Oosterom;16;day a weeksch: ;;SO;1;vrijdag, 10.45 - 12.15;dinsdag, 10.45 - 12.15;maandag, 10.45 - 12.15;;;Vink Schooltuin
12431;692660;3684;SBO Prof.dr. I.C. van Houte;lopend;020-6974506;Gaasperdam Schooltuin;6;Groep 6 H.  Watchman;16;;Voorkeur voor de dinsdag i.v.m. andere activiteiten op school;SO + 2;1;dinsdag 10:45-12:15;woensdag 10:45-12:15;donderdag 10:45-12:15;;;Gaasperdam Schooltuin
12431;690692;6520;SBO Tobiasschool;bus;579 72 95;Osdorp Schooltuin;6;groep 6/7 Dorete  Matroos;17;day a weeksch: nee;;SO;1;vrijdag, 13.30 - 15.00;donderdag, 13.30 - 15.00;dinsdag, 13.30 - 15.00;maandag, 13.30 - 15.00;woensdag, 10.45 - 12.15;Osdorp Schooltuin
12431;692489;2631;SBO Universum;lopend;020-6361539;Broekhuijsen-Leewis Schooltuin;6;Neptunus Nina van der Hoven;15;day a weeksch: day a weeksch: nee;Continurooster tot: 14:15;GEEN;2;woensdag, 10.45 - 12.15;maandag, 10.45 - 12.15;vrijdag, 10.45 - 12.15;donderdag, 10.45 - 12.15;dinsdag, 10.45 - 12.15;Broekhuijsen-Leewis Schooltuin
12431;692488;2631;SBO Universum;lopend;020-6361539;Broekhuijsen-Leewis Schooltuin;6;Groep 6 Ellen  Ellen Houtkoop;15;day a weeksch: day a weeksch: day a weeksch: nee;Ellen heeft nog geen eigen mailadres, voor nu communicatie via dit mailadres Continurooster tot: 14:15 uur.;GEEN;2;woensdag, 10.45 - 12.15;maandag, 10.45 - 12.15;vrijdag, 10.45 - 12.15;donderdag, 10.45 - 12.15;dinsdag, 10.45 - 12.15;Broekhuijsen-Leewis Schooltuin
12431;692566;3665;Shri Laksmi;bus;020-6950368;Wagner Schooltuin;6;6B Erno  Nora;20;day a weeksch: Nee; Continurooster tot: 14.15u;;2;maandag, 10.45 - 12.15;dinsdag, 10.45 - 12.15;vrijdag, 10.45 - 12.15;;;Wagner Schooltuin
12431;692567;3665;Shri Laksmi;bus;020-6950368;Wagner Schooltuin;6;6 A Sumintra  Jaglal;21;day a weeksch: Nee; Continurooster tot: 14.15u;;2;maandag, 10.45 - 12.15;dinsdag, 10.45 - 12.15;vrijdag, 10.45 - 12.15;;;Wagner Schooltuin
12431;675832;4018;Sint Janschool;lopend;(020) 6187 481;Blijdestijn Schooltuin;6;Groep 6A Melanie  Tavenier;28;day a weeksch: nee;Wij kunnen alleen op de dinsdagmiddag. Dit i.v.m. andere lesprogramma's op de andere dagen.;;2;dinsdag, 13.30 - 15.00;maandag, 13.30 - 15.00;donderdag, 13.30 - 15.00;;;Blijdestijn Schooltuin
12431;692504;4018;Sint Janschool;lopend;(020) 6187 481;Blijdestijn Schooltuin;6;Groep 6B Meral  Joosse;28;day a weeksch: nee;We kunnen alleen op dinsdagmiddag. Dit ivm andere lesprogramma's die worden aangeboden in groep 6 & 7.;;2;dinsdag, 13.30 - 15.00;maandag, 13.30 - 15.00;donderdag, 13.30 - 15.00;;;Blijdestijn Schooltuin
12431;692543;6501;Sint Jozefschool;fiets;020-643 20 20;Aemstel Schooltuin;6;Groep 6 C Remko  Robijn;22;day a weeksch: day a weeksch: ja op dinsdag;;;3;maandag, 09.00 - 10.30;woensdag, 09.00 - 10.30;donderdag, 09.00 - 10.30;donderdag, 10.45 - 12.15;donderdag, 13.30 - 15.00;Aemstel Schooltuin
12431;690749;6501;Sint Jozefschool;fiets;020-643 20 20;Aemstel Schooltuin;6;Groep 6 A Nadine  Janssen;24;day a weeksch: ja op donderdag;;;3;maandag, 10.45 - 12.15;dinsdag, 10.45 - 12.15;woensdag, 10.45 - 12.15;dinsdag, 13.30 - 15.00;vrijdag, 13.30 - 15.00;Aemstel Schooltuin
12431;690748;6501;Sint Jozefschool;fiets;020-643 20 20;Aemstel Schooltuin;6;Groep 6 Diederik  Janssen;24;day a weeksch: day a weeksch: nee;;;3;dinsdag, 13.30 - 15.00;donderdag, 13.30 - 15.00;donderdag, 10.45 - 12.15;dinsdag, 10.45 - 12.15;vrijdag, 13.30 - 15.00;Aemstel Schooltuin
12431;692491;3645;SO Alexander Roozendaal;lopend;020 3460111;Toorop Schooltuin;5;Groep 5/6 b Annemarie  Droste;14;day a weeksch: day a weeksch: day a weeksch: nee;Het liefst zouden we een groep op disndagochtend en 1 groep op donderdagochten hebben. Continurooster tot: 14.00 uur Continurooster tot: 14.00 uur Continurooster tot: 14.00 uur;SO;2;donderdag, 09.00 - 10.30;donderdag, 10.45 - 12.15;dinsdag, 09.00 - 10.30;dinsdag, 10.45 - 12.15;maandag, 09.00 - 10.30;Toorop Schooltuin
12431;692493;3645;SO Alexander Roozendaal;lopend;020 3460111;Toorop Schooltuin;6;Groep 6/7b Mariel de Jong;13;day a weeksch: day a weeksch: day a weeksch: nee;Het liefst 1 groep op dinsdagmorgen en de andere groep op donderdagmorgen Continurooster tot: 14.00 uur Continurooster tot: 14.00 uur Continurooster tot: 14.00 uur;SO;2;dinsdag, 09.00 - 10.30;dinsdag, 10.45 - 12.15;donderdag, 09.00 - 10.30;donderdag, 10.45 - 12.15;maandag, 09.00 - 10.30;Toorop Schooltuin
12431;690765;3645;SO Alexander Roozendaal;lopend;020 3460111;Toorop Schooltuin;6;Groep 6 Pim  Kolner;8;day a weeksch: nee;IVM busververvoer moeten de leerlingen uiterlijk om 13.55 terug op school zijn. Continurooster tot: 13.55;SO;1;dinsdag, 09.00 - 10.30;dinsdag, 10.45 - 12.15;donderdag, 09.00 - 10.30;;;Toorop Schooltuin
12431;692596;4053;SO Alphons Laudy (Hoofd);lopend;020 4106622;Osdorp Schooltuin;3;Groep Giraf Ingeborg  Peters;12;day a weeksch: nee;Wij zijn speciaal onderwijs (middengroep) en krijgen nu tot oktober schooltuinenles. We willen ons graag het komende jaar(2025) ook opgeven.Heel graag dezelfde tijd als afgelopen jaar( donderdags van 10.45 tot 12.00 uur). Anders moeten we helaas dit voorbij laten gaan. Continurooster tot: 14.00 uur;GEEN;2;donderdag, 10.45 - 12.15;donderdag, 13.30 - 15.00;vrijdag, 13.30 - 15.00;;;Osdorp Schooltuin
12431;692665;4053;SO Alphons Laudy (Hoofd);lopend;020 4106622;Osdorp Schooltuin;2;Muis Mirjam  Rodenburg;7;day a weeksch: day a weeksch: Nee;"Wij zijn een school voor speciaal onderwijs en hebben een klein groepje met leerlingen die extra veel begeleiding nodig hebben. Daarom kunnen we slechts op bepaalde dagen en tijden, omdat we dan voldoende begeleiding hebben.
We hebben wel een 2e en 3e keus ingevuld, maar deze zijn eigenlijk niet haalbaar voor ons. We hopen dus heel erg dat de vrijdag 10.45-12.15 uur kan!
Graag overleggen we over de exacte starttijd. Continurooster tot:14.15 uur Continurooster tot: 14.15 uur";SO + 5;2;vrijdag, 10.45 - 12.15;donderdag, 09.00 - 10.30;vrijdag, 13.30 - 15.00;;;Osdorp Schooltuin
12431;675823;2630;SO De Heldring;lopend;020-6372728;Schaap Schooltuin;3;Groep E Sandra  Claesen;13;day a weeksch: nee;We kunnen eigenlijk maar op de eerste twee opgegeven voorkeuren Continurooster tot: 14:15;SO;1;maandag, 10.45 - 12.15;dinsdag, 10.45 - 12.15;vrijdag, 13.30 - 15.00;;;Schaap Schooltuin
12431;692500;8306;SO De Wereldboom;bus;020 4106622;Kalff Schooltuin;4;De Appelboom  Isaura;12;day a weeksch: Nee;Graag van 10:30 -11:30 Continurooster tot: 14:15;SO;2;donderdag, 09.00 - 10.30;donderdag, 13.30 - 15.00;donderdag, 10.45 - 12.15;;;Kalff Schooltuin
12431;692501;8306;SO De Wereldboom;bus;020 4106622;Kalff Schooltuin;4;De Hazelaar Daniel;12;day a weeksch: Nee;10:30-11:30 voorkeur Continurooster tot: 14:15;SO + 4;2;donderdag, 09.00 - 10.30;donderdag, 10.45 - 12.15;donderdag, 13.30 - 15.00;;;Kalff Schooltuin
12431;692495;4057;SO Signis (Jan Toorop);lopend;020 617 96 96;Toorop Schooltuin;6;Groep 6A Juliette  Erdbrink;16;day a weeksch: day a weeksch: day a weeksch: nee;"Continurooster tot: 14.00

4 extra leerlingen vanuit TOS MB groep.";SO;2;donderdag, 09.00 - 10.30;donderdag, 10.45 - 12.15;dinsdag, 13.30 - 15.00;dinsdag, 10.45 - 12.15;maandag, 10.45 - 12.15;Toorop Schooltuin
12431;692497;4057;SO Signis (Jan Toorop);lopend;020 617 96 96;Toorop Schooltuin;6;Groep 6B Serife  Pektas;16;day a weeksch: day a weeksch: day a weeksch: nee;"Continurooster tot: 14.00
4 extra leerlingen vanuit TOS MB groep.";SO;2;donderdag, 10.45 - 12.15;donderdag, 09.00 - 10.30;dinsdag, 10.45 - 12.15;maandag, 10.45 - 12.15;maandag, 09.00 - 10.30;Toorop Schooltuin
12431;690768;5493;SO Signis D/SH;lopend;020 617 86 17;Toorop Schooltuin;6;Groep 6/7 Irma Prins-van Selm;17;day a weeksch: nee;Per volgend jaar hebben wij ook het 5 gelijke dagen model. Van 8.30 tot 14.00u. 1 leerling met rolstoel/rollator. Continurooster tot: 14.00u;SO + 15;1;dinsdag, 10.45 - 12.15;woensdag, 10.45 - 12.15;donderdag, 10.45 - 12.15;;;Toorop Schooltuin
12431;690774;6475;SO Van Detschool;bus;020 - 676 98 49;Aemstel Schooltuin;6;Groep 7 Kim  Koningh;10;day a weeksch: nee;"Groep is speciaal onderwijs. 

Groep dient opgehaald te worden met de bus aangezien deze leerlingen ook met leerlingenvervoer naar hun school komen. Waar kan ik dit opgevene? Continurooster tot: 14.00";SO;2;maandag, 10.45 - 12.15;dinsdag, 10.45 - 12.15;woensdag, 10.45 - 12.15;donderdag, 10.45 - 12.15;vrijdag, 10.45 - 12.15;Aemstel Schooltuin
12431;692460;6475;SO Van Detschool;bus;020 - 676 98 49;Aemstel Schooltuin;1;6/7 Kristina  Versteegh;11;day a weeksch: nee;Kinderen gaan met de busjes naar huis om 1400 Continurooster tot: tot 1400;SO;2;maandag, 10.45 - 12.15;dinsdag, 10.45 - 12.15;woensdag, 10.45 - 12.15;donderdag, 10.45 - 12.15;vrijdag, 10.45 - 12.15;Aemstel Schooltuin
12431;692578;6340;St. Antoniusschool;bus;020 623 89 63;Schaap Schooltuin;6;Groep 6 Hanneke  Heesen;12;day a weeksch: Donderdag;;;1;maandag, 09.00 - 10.30;maandag, 10.45 - 12.15;dinsdag, 09.00 - 10.30;dinsdag, 10.45 - 12.15;;Schaap Schooltuin
12431;692605;3617;St. Henricus;lopend;020-6133854 ;Ridderbos Schooltuin;6;Groep 6 Rink  Appel;23;day a weeksch: dinsdag; Continurooster tot: 14:45;;1;donderdag, 13.30 - 15.00;donderdag, 10.45 - 12.15;donderdag, 09.00 - 10.30;dinsdag, 13.30 - 15.00;donderdag, 10.45 - 12.15;Ridderbos Schooltuin
12431;690644;6355;Theo Thijssenschool;lopend;020 62 666 74;Roos Schooltuin;6;Groep 6A Femke  Venstra;23;day a weeksch: ja, op donderdag;;;2;woensdag, 09.00 - 10.30;woensdag, 10.45 - 12.15;donderdag, 09.00 - 10.30;;;Roos Schooltuin
12431;690645;6355;Theo Thijssenschool;lopend;020 62 666 74;Roos Schooltuin;6;Groep 6B Carmen  Kerkhof;23;day a weeksch: ja, op donderdag;Parallel of ieder op een eigen moment les maakt ons niet uit.;;2;woensdag, 10.45 - 12.15;woensdag, 09.00 - 10.30;donderdag, 09.00 - 10.30;;;Roos Schooltuin
12431;690737;4031;Tijl Uilenspiegelschool;lopend;(020) 6843 954;Ridderbos Schooltuin;6;Groep 6A Maike  Velzeboer;21;day a weeksch: nee;Leerkracht start na de zomer, heeft nog geen eigen emailadres. Continurooster tot: 14:15;;2;dinsdag, 09.00 - 10.30;dinsdag, 10.45 - 12.15;maandag, 09.00 - 10.30;maandag, 10.45 - 12.15;donderdag, 09.00 - 10.30;Ridderbos Schooltuin
12431;690738;4031;Tijl Uilenspiegelschool;lopend;(020) 6843 954;Ridderbos Schooltuin;6;Groep 6B Yolanda  Pinkster;23;day a weeksch: nee; Continurooster tot: 14:15;;2;dinsdag, 09.00 - 10.30;dinsdag, 10.45 - 12.15;maandag, 09.00 - 10.30;maandag, 10.45 - 12.15;donderdag, 09.00 - 10.30;Ridderbos Schooltuin
12431;690619;3623;Timotheusschool;lopend;020-6132699;Nijkamp Schooltuin;16;Groep 6A   n.t.b;26;day a weeksch: Nee; Continurooster tot: 14:15;;2;donderdag, 09.00 - 10.30;donderdag, 10.45 - 12.15;dinsdag, 10.45 - 12.15;dinsdag, 09.00 - 10.30;vrijdag, 10.45 - 12.15;Nijkamp Schooltuin
12431;690620;3623;Timotheusschool;lopend;020-6132699;Nijkamp Schooltuin;16;Groep 6B   n.t.b;26;day a weeksch: Nee; Continurooster tot: 14:15;;2;donderdag, 09.00 - 10.30;donderdag, 10.45 - 12.15;dinsdag, 09.00 - 10.30;dinsdag, 10.45 - 12.15;vrijdag, 10.45 - 12.15;Nijkamp Schooltuin
12431;690640;6515;Tweede Openluchtschool;bus;679 38 58;Aemstel Schooltuin;6;Groep 6 Juna  Ritz;25;day a weeksch: day a weeksch: Ja, donderdag;;;1;dinsdag, 09.00 - 10.30;dinsdag, 10.45 - 12.15;woensdag, 09.00 - 10.30;;;Aemstel Schooltuin
12431;692597;17358;Van der Muelen-Vastwijk;bus;0294-412919;Gaasperdam Schooltuin;6;Groep 6 Anne-Fleur  Boerma;26;day a weeksch: Weten we nog niet;Graag met beide groepen 6 tegelijk;;2;donderdag, 13.30 - 15.00;dinsdag, 13.30 - 15.00;maandag, 13.30 - 15.00;donderdag, 10.45 - 12.15;dinsdag, 10.45 - 12.15;Gaasperdam Schooltuin
12431;692598;17358;Van der Muelen-Vastwijk;bus;0294-412919;Gaasperdam Schooltuin;6;Groep 6b Claire  Bartels;26;day a weeksch: Weten we nog niet;;;2;donderdag, 13.30 - 15.00;dinsdag, 13.30 - 15.00;maandag, 13.30 - 15.00;donderdag, 10.45 - 12.15;dinsdag, 10.45 - 12.15;Gaasperdam Schooltuin
12431;692479;3618;Veerkracht;lopend;020-6136666;Nijkamp Schooltuin;6;Groep 6 martha  Terborg;26;day a weeksch: day a weeksch: Neen;Graag met de andere groep 6 van basisschool Veerkracht Continurooster tot: 08.30 -14.15;;2;dinsdag, 09.00 - 10.30;vrijdag, 09.00 - 10.30;woensdag, 09.00 - 10.30;donderdag, 09.00 - 10.30;maandag, 09.00 - 10.30;Nijkamp Schooltuin
12431;692478;3618;Veerkracht;lopend;020-6136666;Nijkamp Schooltuin;6;Groep 6/7 Renske  Jasper;16;day a weeksch: day a weeksch: Nee;Graag samen met onze andere groep 6 van basisschool veerkracht Continurooster tot: 08:30 - 14:15 Continurooster tot: 14:15;;2;dinsdag, 09.00 - 10.30;vrijdag, 09.00 - 10.30;woensdag, 09.00 - 10.30;donderdag, 09.00 - 10.30;maandag, 09.00 - 10.30;Nijkamp Schooltuin
12431;675825;2626;Vier Windstreken;bus;020-6313592;Schaap Schooltuin;6;Groep 6A Marsha van As;17;day a weeksch: nee;I.v.m. met een fusie weten we niet hoeveel leerlingen er zullen komen.;;2;vrijdag, 13.30 - 15.00;maandag, 13.30 - 15.00;vrijdag, 09.00 - 10.30;vrijdag, 10.45 - 12.15;dinsdag, 13.30 - 15.00;Schaap Schooltuin
12431;675824;2626;Vier Windstreken;bus;020-6313592;Schaap Schooltuin;6;Groep 6B Nienke  Heilijgers;19;day a weeksch: ;I.v.m. met een fusie weten we niet hoeveel leerlingen er zullen komen.;;2;vrijdag, 13.30 - 15.00;maandag, 13.30 - 15.00;vrijdag, 09.00 - 10.30;vrijdag, 10.45 - 12.15;dinsdag, 13.30 - 15.00;Schaap Schooltuin
12431;692613;10486;Vrije School A'dam West;lopend;020-8203771;Roos Schooltuin;6;Groep 6 VSAW Daphne  Noyons;27;day a weeksch: nee; Continurooster tot: 14:00;;1;maandag, 09.00 - 10.30;maandag, 10.45 - 12.15;dinsdag, 09.00 - 10.30;;;Roos Schooltuin
12431;690806;6713;Vrije School Kairos;lopend;020-6374467;Broekhuijsen-Leewis Schooltuin;6;Groep 6 Jasper  Postema;28;day a weeksch: ;"De gewenste dagdelen houden geen rekening met een continue-rooster. De voorkeur gaat eigenlijk uit naar:

1: Maandag van 12:30 - 14:00

Anders graag één van de andere ingevulde opties. Continurooster tot: 14:00";;1;woensdag, 09.00 - 10.30;donderdag, 09.00 - 10.30;maandag, 10.45 - 12.15;;;Broekhuijsen-Leewis Schooltuin
12431;692644;10220;Vrije School Thula;bus;020 820 8645;Vink Schooltuin;6;Klas 4 Matthieu  Bobbe;25;day a weeksch: ; Continurooster tot: 14:00;;1;woensdag, 09.00 - 10.30;vrijdag, 09.00 - 10.30;woensdag, 10.45 - 12.15;woensdag, 10.45 - 12.15;donderdag, 13.30 - 15.00;Vink Schooltuin
12431;690677;3682;VSO Orion College Zuid-Oost;lopend;020-3681071;Wagner Schooltuin;6;Groep 1C Nicolle  Hermans;10;day a weeksch: nee;Continurooster tot: n.v.t;GEEN;2;vrijdag, 10.45 - 12.15;donderdag, 10.45 - 12.15;maandag, 10.45 - 12.15;dinsdag, 10.45 - 12.15;maandag, 09.00 - 10.30;Wagner Schooltuin
12431;690678;3682;VSO Orion College Zuid-Oost;lopend;020-3681071;Wagner Schooltuin;6;Groep 1B Jacqueline  Derby;12;day a weeksch: nee;Continurooster tot: n.v.t;GEEN;2;donderdag, 10.45 - 12.15;donderdag, 09.00 - 10.30;woensdag, 10.45 - 12.15;maandag, 10.45 - 12.15;dinsdag, 10.45 - 12.15;Wagner Schooltuin
12431;692607;6364;VSO/MB Koninklijke Visio;bus;088 585 60 00;Osdorp Schooltuin;2;Zeester B Sandra van den Berg;7;day a weeksch: nee;"School voor speciaal onderwijs voor slechtziende en blinden leerlingen. We zijn afhankelijk van het taxivervoer, Leerlingen worden om 14:45 opgehaald en rond half negen gebracht, vanwege personeel tekort bij de taxibedrijven, komen de leerlingen vaak te laat op school dus graag de schooltuin tijden tussen 10:00 en 12:00 :) Wij zijn een groep van verstandelijk beperkte leerlingen met een visuele beperking. In de leeftijdscategorie van 7 t/m 17 jaar. de leerlingen functioneren op het niveau rond groep 1,2 met hier en daar een uitschieter naar groep 3. Maaike Bouwman heeft ervaring met onze doelgroep ;) Continurooster tot: 14:45";GEEN;1;woensdag, 10.45 - 12.15;dinsdag, 10.45 - 12.15;donderdag, 10.45 - 12.15;;;Osdorp Schooltuin
12431;692471;3653;Wereldwijs;lopend;020-6981078;Wagner Schooltuin;6;Groep 6a Irma  Vlek;29;day a weeksch: day a weeksch: ja op donderdag en vrijdag;we werken met een gecompliceerd vakdocentenrooster en zijn dus niet zo flexibel. Parallel heeft voorkeur is niet noodzakelijk. Liever voorkeur 1:) ) Continurooster tot: 14.00 Continurooster tot: 14:00;;2;maandag, 10.45 - 12.15;maandag, 09.00 - 10.30;dinsdag, 10.45 - 12.15;;;Wagner Schooltuin
12431;692472;3653;Wereldwijs;lopend;020-6981078;Wagner Schooltuin;6;6B Lisa  Niessen;25;day a weeksch: Ja op dinsdag;We werken met een gecompliceerd vakdocentenrooster dus zijn weinig flexibel. Parrallel heeft voorkeur maar hoeft niet. Belangrijker is eerste voorkeur :) Continurooster tot: 14.00 Continurooster tot: 14:00;;2;maandag, 09.00 - 10.30;maandag, 10.45 - 12.15;woensdag, 10.45 - 12.15;;;Wagner Schooltuin
12431;692477;2629;Wespennest;lopend;653521795;Broekhuijsen-Leewis Schooltuin;6;Groep 6 Elvin/Marissa/Rutger;30;day a weeksch: Ja, donderdag;;;1;dinsdag, 10.45 - 12.15;dinsdag, 09.00 - 10.30;maandag, 09.00 - 10.30;maandag, 10.45 - 12.15;vrijdag, 09.00 - 10.30;Broekhuijsen-Leewis Schooltuin
12431;681280;6466;Westerparkschool;lopend;020-6860144;Roos Schooltuin;6;6 Loes  Frencken;18;day a weeksch: nee;;;1;woensdag, 09.00 - 10.30;woensdag, 10.45 - 12.15;donderdag, 09.00 - 10.30;donderdag, 10.45 - 12.15;donderdag, 13.30 - 15.00;Roos Schooltuin
12431;692533;6517;Willemsparkschool;bus;671 98 06;Kalff Schooltuin;6;Groep 6 Michiel van Dorp;29;day a weeksch: day a weeksch: Nee;Woensdag is eigenlijk de enige mogelijkheid i.v.m. vakleerkrachten op overige dagen;;1;woensdag, 09.00 - 10.30;woensdag, 10.45 - 12.15;maandag, 10.45 - 12.15;;;Kalff Schooltuin
12431;692629;9265;Winford Bilingual;bus;020-7516650;Kalff Schooltuin;6;Groep 6 Max van Kekeren;6;day a weeksch: nee;"Onze ""normale"" school dag eindigd op 14:30 Continurooster tot: 14:30";;1;maandag, 10.45 - 12.15;dinsdag, 10.45 - 12.15;donderdag, 10.45 - 12.15;maandag, 09.00 - 10.30;dinsdag, 09.00 - 10.30;Kalff Schooltuin
12431;692498;6427;WSV;lopend;020 694 74 81;Vink Schooltuin;6;6a Marianne  Groenewoud;29;day a weeksch: ;;;2;vrijdag, 10.45 - 12.15;vrijdag, 13.30 - 15.00;dinsdag, 13.30 - 15.00;donderdag, 13.30 - 15.00;woensdag, 10.45 - 12.15;Vink Schooltuin
12431;692499;6427;WSV;lopend;020 694 74 81;Vink Schooltuin;6;6b NIna  Visser;28;day a weeksch: ;;;2;vrijdag, 13.30 - 15.00;vrijdag, 10.45 - 12.15;dinsdag, 13.30 - 15.00;donderdag, 13.30 - 15.00;woensdag, 10.45 - 12.15;Vink Schooltuin
12431;692656;3644;ZML-MB Drostenburg College;lopend;020 611 1213;Wagner Schooltuin;1;ZML MB B Maria  Twisk;9;day a weeksch: ;"Wij zijn al jaren op de donderdag bij meester Kees om 10:45 op de Wagner schooltuin. Wij zijn een school met leerlingen met een meervoudige beperking.
Graag willen wij onze vaste tijd behouden, dus keuze twee en drie zijn eigenlijk niet mogelijk. Continurooster tot: 14:30";GEEN;1;donderdag, 10.45 - 12.15;dinsdag, 10.45 - 12.15;dinsdag, 13.30 - 15.00;;;Wagner Schooltuin
12431;693455;5492;VSO Signis (Herman de Manstraat);lopend;020 613 28 01;Ridderbos Schooltuin;6;Groep 6 Marco van Esveld;10;;;SO + 4;1;woensdag 9:00-10:30 uur;;;;;Ridderbos Schooltuin
12431;692888;6512;Rosj Pina;lopend;;Aemstel Schooltuin;6;6A;17;;;;2;;;;;;
12431;692889;6512;Rosj Pina;lopend;;Aemstel Schooltuin;6;6B;18;;;;2;;;;;;
;2;;Werkgroepen;;;;;;;;;;;;;;;;
;3;;Tuintaken;;;;;;;;;;;;;;;;
;4;;Meekijken / Lesuur vrij;;;;;;;;;;;;;;;;
;5;;Busvervoer;;;;;;;;;;;;;;;;
;6;;60+;;;;;;;;;;;;;;;;
;7;;BAP;;;;;;;;;;;;;;;;
;8;;Onderhoud / Voorbereiding;;;;;;;;;;;;;;;;
;9;;Nieuwbouw;;;;;;;;;;;;;;;;
;10;;Begeleiding;;;;;;;;;;;;;;;;
;11;;Taken tuintechnisch;;;;;;;;;;;;;;;;
;12;;Les op andere tuin;;;;;;;;;;;;;;;;
;13;;Rijksmuseum;;;;;;;;;;;;;;;;
;0;;;;;;;;;;;;;;;;;;
